# Blender 4.4.3
# www.blender.org
mtllib sfgh.mtl
o sfgh
v 0.708798 0.194667 -0.009023
v 0.717821 0.203690 0.000000
v 0.711441 0.197309 -0.002643
v 0.582442 0.203690 0.000000
v 0.591465 0.194667 -0.009023
v 0.588822 0.197309 -0.002643
v 0.591465 0.000000 -0.009023
v 0.582442 0.009023 0.000000
v 0.588822 0.002643 -0.002643
v 0.490798 0.000000 -0.009023
v 0.499821 0.009023 0.000000
v 0.493441 0.002643 -0.002643
v 0.499821 0.456310 0.000000
v 0.490798 0.465333 -0.009023
v 0.493441 0.462691 -0.002643
v 0.582442 0.456310 0.000000
v 0.591465 0.465333 -0.009023
v 0.588822 0.462691 -0.002643
v 0.582442 0.267644 0.000000
v 0.591465 0.276667 -0.009023
v 0.588822 0.274024 -0.002643
v 0.708798 0.276667 -0.009023
v 0.717821 0.267644 0.000000
v 0.711441 0.274024 -0.002643
v 0.717821 0.456310 0.000000
v 0.708798 0.465333 -0.009023
v 0.711441 0.462691 -0.002643
v 0.800442 0.456310 0.000000
v 0.809465 0.465333 -0.009023
v 0.806822 0.462691 -0.002643
v 0.800442 0.009023 0.000000
v 0.809465 0.000000 -0.009023
v 0.806822 0.002643 -0.002643
v 0.708798 0.000000 -0.009023
v 0.717821 0.009023 0.000000
v 0.711441 0.002643 -0.002643
v 0.714798 0.200667 -0.310000
v 0.708798 0.194667 -0.304000
v 0.710555 0.196424 -0.308243
v 0.591465 0.194667 -0.304000
v 0.585465 0.200667 -0.310000
v 0.589707 0.196424 -0.308243
v 0.585465 0.006000 -0.310000
v 0.591465 0.000000 -0.304000
v 0.589707 0.001757 -0.308243
v 0.496798 0.006000 -0.310000
v 0.490798 0.000000 -0.304000
v 0.492555 0.001757 -0.308243
v 0.490798 0.465333 -0.304000
v 0.496798 0.459333 -0.310000
v 0.492555 0.463576 -0.308243
v 0.591465 0.465333 -0.304000
v 0.585465 0.459333 -0.310000
v 0.589707 0.463576 -0.308243
v 0.591465 0.276667 -0.304000
v 0.585465 0.270667 -0.310000
v 0.589707 0.274909 -0.308243
v 0.714798 0.270667 -0.310000
v 0.708798 0.276667 -0.304000
v 0.710555 0.274909 -0.308243
v 0.708798 0.465333 -0.304000
v 0.714798 0.459333 -0.310000
v 0.710555 0.463576 -0.308243
v 0.809465 0.465333 -0.304000
v 0.803465 0.459333 -0.310000
v 0.807707 0.463576 -0.308243
v 0.809465 0.000000 -0.304000
v 0.803465 0.006000 -0.310000
v 0.807707 0.001757 -0.308243
v 0.714798 0.006000 -0.310000
v 0.708798 0.000000 -0.304000
v 0.710555 0.001757 -0.308243
vn 1.0000 -0.0000 -0.0000
vn -1.0000 -0.0000 -0.0000
vn -0.0000 1.0000 -0.0000
vn -0.0000 -1.0000 -0.0000
vn -0.0000 -0.0000 1.0000
vn -0.3827 -0.0000 0.9239
vn -0.9239 -0.0000 0.3827
vn -0.0000 0.3827 0.9239
vn -0.0000 0.9239 0.3827
vn 0.3827 -0.0000 0.9239
vn 0.9239 -0.0000 0.3827
vn -0.0000 -0.3827 0.9239
vn -0.0000 -0.9239 0.3827
vn -0.0000 -0.0000 -1.0000
vn -0.9239 -0.0000 -0.3827
vn -0.3827 -0.0000 -0.9239
vn -0.0000 0.9239 -0.3827
vn -0.0000 0.3827 -0.9239
vn 0.9239 -0.0000 -0.3827
vn 0.3827 -0.0000 -0.9239
vn -0.0000 -0.9239 -0.3827
vn -0.0000 -0.3827 -0.9239
vt 0.090909 0.000000
vt 0.181818 0.000000
vt 1.000000 0.000000
vt 0.000000 0.000000
vt 0.454545 0.000000
vt 0.545455 0.000000
vt 0.545455 0.000000
vt 0.636364 0.000000
vt 0.727273 0.000000
vt 0.818182 0.000000
vt 0.909091 0.000000
vt 0.909091 0.000000
vt 0.227289 0.000000
vt 0.303672 0.000000
vt 0.972709 0.000000
vt 0.912071 0.000000
vt 0.808964 0.000000
vt 0.731792 0.000000
vt 0.620928 0.000000
vt 0.464858 0.000000
vt 0.446496 0.000000
vt 0.370028 0.000000
vt 0.269045 0.000000
vt 0.189843 0.000000
vt 0.363636 0.000000
vt 0.454545 0.000000
vt 0.272727 0.000000
vt 0.272727 0.000000
vt 0.364572 0.000000
vt 0.271792 0.000000
vt 0.453989 0.000000
vt 0.727829 0.000000
vt 0.817247 0.000000
vt 0.910026 0.000000
vt 0.182394 0.000000
vt 0.992019 0.000000
vt 0.449208 0.000000
vt 0.486909 0.000000
vt 0.624066 0.000000
vt 0.730279 0.000000
vt 0.812102 0.000000
vt 0.911249 0.000000
vt 0.981742 0.000000
vt 0.224142 0.000000
vt 0.192283 0.000000
vt 0.186886 0.000000
vt 0.270279 0.000000
vt 0.367868 0.000000
vt 0.364258 0.000000
vt 0.272105 0.000000
vt 0.454175 0.000000
vt 0.727643 0.000000
vt 0.817560 0.000000
vt 0.909713 0.000000
vt 0.182201 0.000000
vt 0.994693 0.000000
s 0
f 5/1/1 7/2/1 44/2/1 40/1/1
f 34/3/2 1/4/2 38/4/2 71/3/2
f 17/5/1 20/6/1 55/7/1 52/5/1
f 20/7/3 22/8/3 59/8/3 55/6/3
f 22/8/2 26/9/2 61/9/2 59/8/2
f 29/10/1 32/11/1 67/12/1 64/10/1
f 32/12/4 34/3/4 71/3/4 67/12/4
f 26/9/3 29/10/3 64/10/3 61/9/3
f 4/13/5 2/14/5 35/15/5 31/16/5 28/17/5 25/18/5 23/19/5 19/20/5 16/21/5 13/22/5 11/23/5 8/24/5
f 14/25/3 17/26/3 52/5/3 49/25/3
f 10/27/2 14/25/2 49/25/2 47/28/2
f 7/2/4 10/28/4 47/27/4 44/2/4
f 11/23/6 13/22/6 15/29/6 12/30/6
f 12/30/7 15/29/7 14/25/7 10/27/7
f 13/22/8 16/21/8 18/31/8 15/29/8
f 15/29/9 18/31/9 17/26/9 14/25/9
f 16/21/10 19/20/10 21/7/10 18/31/10
f 18/31/11 21/7/11 20/6/11 17/5/11
f 23/19/6 25/18/6 27/32/6 24/8/6
f 24/8/7 27/32/7 26/9/7 22/8/7
f 25/18/8 28/17/8 30/33/8 27/32/8
f 27/32/9 30/33/9 29/10/9 26/9/9
f 28/17/10 31/16/10 33/34/10 30/33/10
f 30/33/11 33/34/11 32/11/11 29/10/11
f 19/20/8 23/19/8 24/8/8 21/7/8
f 21/7/9 24/8/9 22/8/9 20/7/9
f 2/14/12 4/13/12 6/1/12 3/4/12
f 3/4/13 6/1/13 5/1/13 1/4/13
f 8/24/12 11/23/12 12/30/12 9/35/12
f 9/35/13 12/30/13 10/28/13 7/2/13
f 4/13/10 8/24/10 9/35/10 6/1/10
f 6/1/11 9/35/11 7/2/11 5/1/11
f 1/4/7 34/3/7 36/36/7 3/4/7
f 3/4/6 36/36/6 35/15/6 2/14/6
f 31/16/12 35/15/12 36/36/12 33/34/12
f 33/34/13 36/36/13 34/3/13 32/12/13
f 53/37/14 56/38/14 58/39/14 62/40/14 65/41/14 68/42/14 70/43/14 37/44/14 41/45/14 43/46/14 46/47/14 50/48/14
f 47/28/15 49/25/15 51/49/15 48/50/15
f 48/50/16 51/49/16 50/48/16 46/47/16
f 49/25/17 52/5/17 54/51/17 51/49/17
f 51/49/18 54/51/18 53/37/18 50/48/18
f 52/5/19 55/7/19 57/7/19 54/51/19
f 54/51/20 57/7/20 56/38/20 53/37/20
f 59/8/15 61/9/15 63/52/15 60/8/15
f 60/8/16 63/52/16 62/40/16 58/39/16
f 61/9/17 64/10/17 66/53/17 63/52/17
f 63/52/18 66/53/18 65/41/18 62/40/18
f 64/10/19 67/12/19 69/54/19 66/53/19
f 66/53/20 69/54/20 68/42/20 65/41/20
f 55/6/17 59/8/17 60/8/17 57/7/17
f 57/7/18 60/8/18 58/39/18 56/38/18
f 38/4/21 40/1/21 42/1/21 39/4/21
f 39/4/22 42/1/22 41/45/22 37/44/22
f 44/2/21 47/27/21 48/50/21 45/55/21
f 45/55/22 48/50/22 46/47/22 43/46/22
f 40/1/19 44/2/19 45/55/19 42/1/19
f 42/1/20 45/55/20 43/46/20 41/45/20
f 37/44/16 70/43/16 72/56/16 39/4/16
f 39/4/15 72/56/15 71/3/15 38/4/15
f 67/12/21 71/3/21 72/56/21 69/54/21
f 69/54/22 72/56/22 70/43/22 68/42/22
f 1/4/4 5/1/4 40/1/4 38/4/4
o sfgh.001
v 0.324131 0.066000 -0.009023
v 0.333154 0.075023 0.000000
v 0.326774 0.068643 -0.002643
v 0.307302 0.079663 0.000000
v 0.301428 0.086556 -0.009023
v 0.303148 0.084537 -0.002643
v 0.404442 0.009023 0.000000
v 0.413465 0.000000 -0.009023
v 0.410822 0.002643 -0.002643
v 0.299061 0.073777 0.000000
v 0.294428 0.081556 -0.009023
v 0.295785 0.079277 -0.002643
v 0.289805 0.069256 0.000000
v 0.286465 0.077667 -0.009023
v 0.287443 0.075203 -0.002643
v 0.279639 0.066093 0.000000
v 0.277539 0.074889 -0.009023
v 0.278154 0.072312 -0.002643
v 0.268633 0.064238 0.000000
v 0.267650 0.073222 -0.009023
v 0.267938 0.070591 -0.002643
v 0.256718 0.063628 0.000000
v 0.256798 0.072667 -0.009023
v 0.256775 0.070019 -0.002643
v 0.101027 0.070833 -0.009024
v 0.109215 0.074626 0.000000
v 0.103425 0.071944 -0.002643
v 0.312476 0.075023 0.000000
v 0.318131 0.066000 -0.009023
v 0.316475 0.068643 -0.002643
v 0.333154 0.009023 0.000000
v 0.324131 0.000000 -0.009023
v 0.326774 0.002643 -0.002643
v 0.103715 0.065259 -0.009024
v 0.111781 0.069306 0.000000
v 0.106077 0.066444 -0.002643
v 0.106527 0.059870 -0.009024
v 0.114458 0.064176 0.000000
v 0.108850 0.061131 -0.002643
v 0.117127 0.059448 0.000000
v 0.109465 0.054667 -0.009023
v 0.111709 0.056067 -0.002643
v 0.301094 0.051523 0.000000
v 0.308946 0.047037 -0.009023
v 0.306646 0.048351 -0.002643
v 0.129424 0.041549 0.000000
v 0.122391 0.035852 -0.009023
v 0.124451 0.037521 -0.002643
v 0.289998 0.034846 0.000000
v 0.297242 0.029444 -0.009023
v 0.295121 0.031026 -0.002643
v 0.295548 0.027410 -0.009024
v 0.288690 0.033275 0.000000
v 0.293539 0.029127 -0.002643
v 0.293798 0.025417 -0.009023
v 0.287134 0.031503 0.000000
v 0.291846 0.027199 -0.002643
v 0.143307 0.026935 0.000000
v 0.137168 0.020296 -0.009023
v 0.138966 0.022241 -0.002643
v 0.283827 0.028020 0.000000
v 0.290131 0.021556 -0.009023
v 0.288285 0.023449 -0.002643
v 0.150620 0.021004 0.000000
v 0.145252 0.013741 -0.009023
v 0.146824 0.015868 -0.002643
v 0.276460 0.021369 0.000000
v 0.282131 0.014333 -0.009023
v 0.280470 0.016394 -0.002643
v 0.158479 0.015725 0.000000
v 0.153798 0.008000 -0.009023
v 0.155169 0.010263 -0.002643
v 0.268381 0.015570 0.000000
v 0.273205 0.007926 -0.009023
v 0.271792 0.010165 -0.002643
v 0.166717 0.011246 0.000000
v 0.162789 0.003111 -0.009023
v 0.163939 0.005494 -0.002643
v 0.259406 0.010629 0.000000
v 0.263317 0.002481 -0.009023
v 0.262171 0.004868 -0.002643
v 0.175336 0.007585 0.000000
v 0.172205 -0.000889 -0.009023
v 0.173122 0.001593 -0.002643
v 0.249508 0.006541 0.000000
v 0.252465 -0.002000 -0.009023
v 0.251599 0.000502 -0.002643
v 0.184367 0.004730 0.000000
v 0.182048 -0.004000 -0.009023
v 0.182727 -0.001443 -0.002643
v 0.238720 0.003498 0.000000
v 0.240650 -0.005333 -0.009023
v 0.240085 -0.002747 -0.002643
v 0.193643 0.002723 0.000000
v 0.192317 -0.006222 -0.009023
v 0.192705 -0.003602 -0.002643
v 0.226781 0.001629 0.000000
v 0.227872 -0.007333 -0.009023
v 0.227553 -0.004708 -0.002643
v 0.224527 -0.007625 -0.009024
v 0.223861 0.001374 0.000000
v 0.224332 -0.004989 -0.002643
v 0.221122 -0.007833 -0.009024
v 0.220685 0.001180 0.000000
v 0.220994 -0.005193 -0.002643
v 0.217657 -0.007958 -0.009024
v 0.217442 0.001063 0.000000
v 0.217594 -0.005316 -0.002643
v 0.214445 0.001027 0.000000
v 0.214131 -0.008000 -0.009023
v 0.214223 -0.005356 -0.002643
v 0.241750 0.064659 0.000000
v 0.243085 0.073611 -0.009023
v 0.242694 0.070989 -0.002643
v 0.230835 0.076444 -0.009023
v 0.228200 0.067793 0.000000
v 0.230063 0.073910 -0.002643
v 0.098465 0.076593 -0.009023
v 0.106840 0.079965 0.000000
v 0.100918 0.077580 -0.002643
v 0.225259 0.078569 -0.009023
v 0.221631 0.070296 0.000000
v 0.224196 0.076146 -0.002643
v 0.215609 0.073297 0.000000
v 0.220048 0.081167 -0.009023
v 0.218748 0.078862 -0.002643
v 0.209976 0.076866 0.000000
v 0.215203 0.084236 -0.009023
v 0.213672 0.082078 -0.002643
v 0.210724 0.087778 -0.009023
v 0.204759 0.080991 0.000000
v 0.208977 0.085790 -0.002643
v 0.206611 0.091792 -0.009023
v 0.199980 0.085655 0.000000
v 0.204669 0.089994 -0.002643
v 0.195656 0.090830 0.000000
v 0.202863 0.096278 -0.009023
v 0.200752 0.094682 -0.002643
v 0.191702 0.096628 0.000000
v 0.199481 0.101236 -0.009023
v 0.197203 0.099886 -0.002643
v 0.098105 0.104122 0.000000
v 0.089465 0.101481 -0.009023
v 0.091995 0.102255 -0.002643
v 0.185479 0.108848 0.000000
v 0.193749 0.112491 -0.009023
v 0.191327 0.111424 -0.002643
v 0.180432 0.122307 0.000000
v 0.189027 0.125083 -0.009023
v 0.186510 0.124270 -0.002643
v 0.091276 0.131293 0.000000
v 0.082465 0.129333 -0.009023
v 0.085045 0.129907 -0.002643
v 0.089902 0.138374 0.000000
v 0.081027 0.136745 -0.009023
v 0.083627 0.137223 -0.002643
v 0.176405 0.137072 0.000000
v 0.185249 0.138935 -0.009023
v 0.182659 0.138390 -0.002643
v 0.088620 0.145770 0.000000
v 0.079715 0.144315 -0.009023
v 0.082323 0.144741 -0.002643
v 0.077465 0.159926 -0.009023
v 0.086418 0.161050 0.000000
v 0.080087 0.160255 -0.002643
v 0.087458 0.153329 0.000000
v 0.078527 0.152042 -0.009023
v 0.081143 0.152419 -0.002643
v 0.085499 0.168934 0.000000
v 0.076527 0.167968 -0.009023
v 0.079155 0.168251 -0.002643
v 0.180527 0.170417 -0.009023
v 0.171550 0.169439 0.000000
v 0.177898 0.170130 -0.002643
v 0.084701 0.176981 0.000000
v 0.075715 0.176167 -0.009023
v 0.078347 0.176405 -0.002643
v 0.170926 0.178591 0.000000
v 0.179937 0.179074 -0.009024
v 0.177298 0.178933 -0.002643
v 0.179583 0.188046 -0.009024
v 0.170562 0.187813 0.000000
v 0.176941 0.187978 -0.002643
v 0.083473 0.193561 0.000000
v 0.074465 0.193037 -0.009023
v 0.077103 0.193191 -0.002643
v 0.170442 0.197321 0.000000
v 0.179465 0.197333 -0.009023
v 0.176822 0.197330 -0.002643
v 0.084026 0.185190 0.000000
v 0.075027 0.184523 -0.009023
v 0.077663 0.184718 -0.002643
v 0.083673 0.266077 0.000000
v 0.074668 0.266676 -0.009023
v 0.077306 0.266501 -0.002643
v 0.170442 0.273345 0.000000
v 0.179465 0.273333 -0.009023
v 0.176822 0.273337 -0.002643
v 0.073766 0.248058 -0.009024
v 0.082785 0.247772 0.000000
v 0.076407 0.247974 -0.002643
v 0.073465 0.228667 -0.009024
v 0.082489 0.228654 0.000000
v 0.076108 0.228663 -0.002643
v 0.073715 0.210537 -0.009024
v 0.082736 0.210725 0.000000
v 0.076357 0.210592 -0.002643
v 0.083042 0.202095 0.000000
v 0.074027 0.201708 -0.009023
v 0.076668 0.201821 -0.002643
v 0.179573 0.282602 -0.009024
v 0.170552 0.282818 0.000000
v 0.176931 0.282665 -0.002643
v 0.085150 0.283589 0.000000
v 0.076173 0.284521 -0.009023
v 0.078802 0.284248 -0.002643
v 0.170887 0.291967 0.000000
v 0.179900 0.291519 -0.009024
v 0.177260 0.291650 -0.002643
v 0.180444 0.300083 -0.009023
v 0.171447 0.300783 0.000000
v 0.177809 0.300288 -0.002643
v 0.087212 0.300301 0.000000
v 0.078280 0.301593 -0.009023
v 0.080896 0.301214 -0.002643
v 0.172234 0.309268 0.000000
v 0.181205 0.308296 -0.009024
v 0.178578 0.308581 -0.002643
v 0.182185 0.316157 -0.009024
v 0.173249 0.317422 0.000000
v 0.179568 0.316528 -0.002643
v 0.089855 0.316210 0.000000
v 0.080988 0.317891 -0.009023
v 0.083585 0.317399 -0.002643
v 0.174497 0.325252 0.000000
v 0.183381 0.323667 -0.009023
v 0.180779 0.324131 -0.002643
v 0.175998 0.332847 0.000000
v 0.184796 0.330824 -0.009023
v 0.182219 0.331416 -0.002643
v 0.093052 0.331203 0.000000
v 0.084298 0.333417 -0.009023
v 0.086862 0.332768 -0.002643
v 0.179659 0.346790 0.000000
v 0.188277 0.344083 -0.009023
v 0.185753 0.344876 -0.002643
v 0.184341 0.359541 0.000000
v 0.192629 0.355935 -0.009023
v 0.190202 0.356991 -0.002643
v 0.190101 0.370914 0.000000
v 0.197898 0.366338 -0.009023
v 0.195614 0.367678 -0.002643
v 0.101237 0.359113 0.000000
v 0.092724 0.362148 -0.009023
v 0.095217 0.361259 -0.002643
v 0.200974 0.370907 -0.009023
v 0.193726 0.376297 0.000000
v 0.198851 0.372486 -0.002643
v 0.204361 0.375042 -0.009023
v 0.197663 0.381104 0.000000
v 0.202399 0.376817 -0.002643
v 0.202001 0.385445 0.000000
v 0.208057 0.378741 -0.009023
v 0.206284 0.380704 -0.002643
v 0.206728 0.389296 0.000000
v 0.212064 0.382005 -0.009023
v 0.210501 0.384140 -0.002643
v 0.216381 0.384833 -0.009023
v 0.211824 0.392635 0.000000
v 0.215047 0.387118 -0.002643
v 0.221009 0.387227 -0.009023
v 0.217263 0.395448 0.000000
v 0.219912 0.389635 -0.002643
v 0.111638 0.383729 0.000000
v 0.103557 0.387787 -0.009023
v 0.105924 0.386598 -0.002643
v 0.223019 0.397731 0.000000
v 0.225946 0.389185 -0.009023
v 0.225089 0.391688 -0.002643
v 0.229248 0.399539 0.000000
v 0.231194 0.390708 -0.009023
v 0.230624 0.393295 -0.002643
v 0.242620 0.392449 -0.009023
v 0.241779 0.401448 0.000000
v 0.242373 0.395085 -0.002643
v 0.248709 0.401692 0.000000
v 0.248798 0.392667 -0.009023
v 0.248772 0.395310 -0.002643
v 0.251932 0.401642 0.000000
v 0.251650 0.392623 -0.009024
v 0.251732 0.395265 -0.002643
v 0.385405 0.389932 0.000000
v 0.393465 0.394000 -0.009023
v 0.391104 0.392808 -0.002643
v 0.255250 0.401485 0.000000
v 0.254428 0.392491 -0.009023
v 0.254668 0.395125 -0.002643
v 0.266545 0.399952 0.000000
v 0.264798 0.391083 -0.009023
v 0.265310 0.393681 -0.002643
v 0.272192 0.398485 0.000000
v 0.269539 0.389852 -0.009023
v 0.270316 0.392380 -0.002643
v 0.277412 0.396625 0.000000
v 0.273983 0.388269 -0.009023
v 0.274988 0.390716 -0.002643
v 0.282439 0.394280 0.000000
v 0.278131 0.386333 -0.009023
v 0.279393 0.388661 -0.002643
v 0.291022 0.388937 0.000000
v 0.285687 0.381630 -0.009023
v 0.287249 0.383770 -0.002643
v 0.392896 0.373677 0.000000
v 0.401317 0.376963 -0.009023
v 0.398850 0.376001 -0.002643
v 0.298584 0.382510 0.000000
v 0.292354 0.375963 -0.009023
v 0.294178 0.377881 -0.002643
v 0.295354 0.372769 -0.009023
v 0.302102 0.378763 0.000000
v 0.297330 0.374524 -0.002643
v 0.303787 0.376756 0.000000
v 0.296770 0.371081 -0.009023
v 0.298825 0.372743 -0.002643
v 0.305374 0.374719 0.000000
v 0.298131 0.369333 -0.009023
v 0.300253 0.370911 -0.002643
v 0.308273 0.370635 0.000000
v 0.300715 0.365694 -0.009023
v 0.302928 0.367142 -0.002643
v 0.313346 0.362179 0.000000
v 0.305381 0.357917 -0.009023
v 0.307714 0.359165 -0.002643
v 0.309381 0.349472 -0.009023
v 0.317648 0.353097 0.000000
v 0.311803 0.350534 -0.002643
v 0.318680 0.350545 0.000000
v 0.310277 0.347257 -0.009024
v 0.312739 0.348220 -0.002643
v 0.319594 0.348131 0.000000
v 0.311131 0.345000 -0.009023
v 0.313610 0.345917 -0.002643
v 0.320454 0.345753 0.000000
v 0.311958 0.342715 -0.009023
v 0.314446 0.343605 -0.002643
v 0.401893 0.345808 0.000000
v 0.413465 0.339333 -0.009023
v 0.410075 0.341230 -0.002643
v 0.321288 0.343393 0.000000
v 0.312770 0.340417 -0.009023
v 0.315265 0.341288 -0.002643
v 0.322108 0.341019 0.000000
v 0.313569 0.338104 -0.009023
v 0.316070 0.338958 -0.002643
v 0.322914 0.338631 0.000000
v 0.314354 0.335778 -0.009023
v 0.316861 0.336614 -0.002643
v 0.323704 0.336230 0.000000
v 0.315124 0.333438 -0.009023
v 0.317637 0.334255 -0.002643
v 0.324481 0.333815 0.000000
v 0.315881 0.331083 -0.009023
v 0.318400 0.331883 -0.002643
v 0.325243 0.331387 0.000000
v 0.316624 0.328715 -0.009023
v 0.319149 0.329498 -0.002643
v 0.326000 0.328915 0.000000
v 0.317354 0.326333 -0.009023
v 0.319886 0.327089 -0.002643
v 0.327443 0.324020 0.000000
v 0.318770 0.321528 -0.009023
v 0.321310 0.322258 -0.002643
v 0.326470 0.327491 0.000000
v 0.320131 0.316667 -0.009023
v 0.321988 0.319837 -0.002643
v 0.381238 0.397505 0.000000
v 0.389048 0.402028 -0.009023
v 0.386760 0.400703 -0.002643
v 0.379056 0.401091 0.000000
v 0.386694 0.405896 -0.009024
v 0.384457 0.404488 -0.002643
v 0.376751 0.404635 0.000000
v 0.384242 0.409667 -0.009023
v 0.382048 0.408193 -0.002643
v 0.124224 0.405160 0.000000
v 0.116798 0.410333 -0.009023
v 0.118973 0.408818 -0.002643
v 0.374358 0.408085 0.000000
v 0.381694 0.413340 -0.009024
v 0.379545 0.411801 -0.002643
v 0.371876 0.411439 0.000000
v 0.379048 0.416917 -0.009024
v 0.376948 0.415312 -0.002643
v 0.369306 0.414700 0.000000
v 0.376305 0.420396 -0.009024
v 0.374255 0.418728 -0.002643
v 0.366691 0.417814 0.000000
v 0.373465 0.423778 -0.009023
v 0.371481 0.422031 -0.002643
v 0.139163 0.423408 0.000000
v 0.132557 0.429583 -0.009023
v 0.134492 0.427774 -0.002643
v 0.361004 0.423976 0.000000
v 0.367493 0.430250 -0.009023
v 0.365592 0.428412 -0.002643
v 0.358124 0.426818 0.000000
v 0.364361 0.433340 -0.009024
v 0.362534 0.431430 -0.002643
v 0.355280 0.429454 0.000000
v 0.361131 0.436333 -0.009023
v 0.359418 0.434318 -0.002643
v 0.141423 0.437896 -0.009023
v 0.147298 0.431035 0.000000
v 0.143144 0.435886 -0.002643
v 0.341924 0.439869 0.000000
v 0.347168 0.447222 -0.009023
v 0.345632 0.445069 -0.002643
v 0.150946 0.445333 -0.009023
v 0.156179 0.437971 0.000000
v 0.152479 0.443177 -0.002643
v 0.338618 0.442021 0.000000
v 0.343411 0.449667 -0.009024
v 0.342007 0.447427 -0.002643
v 0.165677 0.444093 0.000000
v 0.161127 0.451896 -0.009023
v 0.162459 0.449611 -0.002643
v 0.335011 0.444199 0.000000
v 0.339548 0.452000 -0.009024
v 0.338219 0.449715 -0.002643
v 0.331299 0.446277 0.000000
v 0.335578 0.454222 -0.009024
v 0.334325 0.451895 -0.002643
v 0.327667 0.448158 0.000000
v 0.331502 0.456333 -0.009023
v 0.330379 0.453939 -0.002643
v 0.171965 0.457583 -0.009023
v 0.175642 0.449323 0.000000
v 0.173042 0.455164 -0.002643
v 0.311149 0.455132 0.000000
v 0.314131 0.463667 -0.009023
v 0.313258 0.461167 -0.002643
v 0.198077 0.457624 0.000000
v 0.195613 0.466333 -0.009023
v 0.196335 0.463783 -0.002643
v 0.293042 0.460200 0.000000
v 0.294946 0.469037 -0.009023
v 0.294389 0.466449 -0.002643
v 0.223053 0.462614 0.000000
v 0.221891 0.471583 -0.009023
v 0.222231 0.468956 -0.002643
v 0.272774 0.463294 0.000000
v 0.273835 0.472259 -0.009023
v 0.273524 0.469633 -0.002643
v 0.267613 0.463728 0.000000
v 0.268256 0.472729 -0.009024
v 0.268068 0.470093 -0.002643
v 0.262137 0.464051 0.000000
v 0.262557 0.473065 -0.009024
v 0.262434 0.470425 -0.002643
v 0.256532 0.464245 0.000000
v 0.256738 0.473266 -0.009024
v 0.256678 0.470624 -0.002643
v 0.251020 0.464307 0.000000
v 0.250798 0.473333 -0.009023
v 0.250863 0.470690 -0.002643
v 0.314357 0.086805 0.000000
v 0.307465 0.092667 -0.009023
v 0.309483 0.090950 -0.002643
v 0.320106 0.094685 0.000000
v 0.312557 0.099648 -0.009023
v 0.314768 0.098195 -0.002643
v 0.322748 0.099163 0.000000
v 0.314756 0.103375 -0.009023
v 0.317097 0.102141 -0.002643
v 0.326870 0.107985 0.000000
v 0.318460 0.111301 -0.009023
v 0.320923 0.110330 -0.002643
v 0.329980 0.117564 0.000000
v 0.321238 0.119856 -0.009023
v 0.323799 0.119185 -0.002643
v 0.332028 0.127722 0.000000
v 0.323090 0.129042 -0.009023
v 0.325708 0.128655 -0.002643
v 0.333037 0.138418 0.000000
v 0.324016 0.138856 -0.009023
v 0.326658 0.138728 -0.002643
v 0.333181 0.187023 0.000000
v 0.324131 0.178000 -0.009023
v 0.326782 0.180643 -0.002643
v 0.253821 0.187023 0.000000
v 0.244798 0.178000 -0.009023
v 0.247441 0.180643 -0.002643
v 0.404442 0.239644 0.000000
v 0.413465 0.248667 -0.009023
v 0.410822 0.246024 -0.002643
v 0.244798 0.248667 -0.009023
v 0.253821 0.239644 0.000000
v 0.247441 0.246024 -0.002643
v 0.330131 0.072000 -0.310000
v 0.324131 0.066000 -0.304000
v 0.325889 0.067757 -0.308243
v 0.305334 0.081972 -0.310000
v 0.301428 0.086556 -0.304000
v 0.302572 0.085213 -0.308243
v 0.407465 0.006000 -0.310000
v 0.413465 0.000000 -0.304000
v 0.411707 0.001757 -0.308243
v 0.294428 0.081556 -0.304000
v 0.297509 0.076383 -0.310000
v 0.295330 0.080041 -0.308243
v 0.286465 0.077667 -0.304000
v 0.288685 0.072074 -0.310000
v 0.287115 0.076029 -0.308243
v 0.277539 0.074889 -0.304000
v 0.278935 0.069040 -0.310000
v 0.277948 0.073176 -0.308243
v 0.267650 0.073222 -0.304000
v 0.268304 0.067248 -0.310000
v 0.267841 0.071472 -0.308243
v 0.256798 0.072667 -0.304000
v 0.256745 0.066656 -0.310000
v 0.256783 0.070906 -0.308243
v 0.106472 0.073356 -0.310000
v 0.101027 0.070833 -0.303999
v 0.102622 0.071572 -0.308242
v 0.318131 0.066000 -0.304000
v 0.314371 0.072000 -0.310000
v 0.317030 0.067757 -0.308243
v 0.330131 0.006000 -0.310000
v 0.324131 0.000000 -0.304000
v 0.325889 0.001757 -0.308243
v 0.109078 0.067950 -0.310000
v 0.103715 0.065259 -0.303999
v 0.105286 0.066047 -0.308242
v 0.111801 0.062733 -0.310000
v 0.106527 0.059870 -0.303999
v 0.108072 0.060709 -0.308242
v 0.109465 0.054667 -0.304000
v 0.114560 0.057846 -0.310000
v 0.110957 0.055598 -0.308243
v 0.308946 0.047037 -0.304000
v 0.303724 0.050020 -0.310000
v 0.307417 0.047911 -0.308243
v 0.122391 0.035852 -0.304000
v 0.127067 0.039640 -0.310000
v 0.123760 0.036962 -0.308243
v 0.297242 0.029444 -0.304000
v 0.292426 0.033037 -0.310000
v 0.295832 0.030497 -0.308243
v 0.290988 0.031310 -0.310000
v 0.295548 0.027410 -0.303999
v 0.294212 0.028552 -0.308242
v 0.289367 0.029464 -0.310000
v 0.293798 0.025417 -0.304000
v 0.292500 0.026602 -0.308243
v 0.137168 0.020296 -0.304000
v 0.141250 0.024711 -0.310000
v 0.138364 0.021589 -0.308243
v 0.290131 0.021556 -0.304000
v 0.285940 0.025855 -0.310000
v 0.288904 0.022815 -0.308243
v 0.145252 0.013741 -0.304000
v 0.148822 0.018571 -0.310000
v 0.146297 0.015155 -0.308243
v 0.282131 0.014333 -0.304000
v 0.278360 0.019012 -0.310000
v 0.281027 0.015704 -0.308243
v 0.153798 0.008000 -0.304000
v 0.156911 0.013137 -0.310000
v 0.154710 0.009505 -0.308243
v 0.273205 0.007926 -0.304000
v 0.269998 0.013009 -0.310000
v 0.272266 0.009415 -0.308243
v 0.162789 0.003111 -0.304000
v 0.165401 0.008520 -0.310000
v 0.163554 0.004695 -0.308243
v 0.263317 0.002481 -0.304000
v 0.260716 0.007899 -0.310000
v 0.262555 0.004068 -0.308243
v 0.172205 -0.000889 -0.304000
v 0.174287 0.004746 -0.310000
v 0.172815 0.000761 -0.308243
v 0.252465 -0.002000 -0.304000
v 0.250498 0.003679 -0.310000
v 0.251889 -0.000336 -0.308243
v 0.182048 -0.004000 -0.304000
v 0.183590 0.001805 -0.310000
v 0.182500 -0.002300 -0.308243
v 0.240650 -0.005333 -0.304000
v 0.239367 0.000539 -0.310000
v 0.240274 -0.003613 -0.308243
v 0.192317 -0.006222 -0.304000
v 0.193199 -0.000274 -0.310000
v 0.192575 -0.004480 -0.308243
v 0.227872 -0.007333 -0.304000
v 0.227147 -0.001374 -0.310000
v 0.227660 -0.005588 -0.308243
v 0.224084 -0.001641 -0.310000
v 0.224527 -0.007625 -0.303999
v 0.224397 -0.005872 -0.308242
v 0.220831 -0.001840 -0.310000
v 0.221122 -0.007833 -0.304000
v 0.221037 -0.006078 -0.308242
v 0.217514 -0.001960 -0.310000
v 0.217657 -0.007958 -0.304000
v 0.217615 -0.006201 -0.308242
v 0.214131 -0.008000 -0.304000
v 0.214340 -0.001997 -0.310000
v 0.214192 -0.006242 -0.308243
v 0.098465 0.076593 -0.304000
v 0.104034 0.078835 -0.310000
v 0.100096 0.077249 -0.308243
v 0.230835 0.076444 -0.304000
v 0.229083 0.070691 -0.310000
v 0.230322 0.074759 -0.308243
v 0.242197 0.067658 -0.310000
v 0.243085 0.073611 -0.304000
v 0.242825 0.071868 -0.308243
v 0.225259 0.078569 -0.304000
v 0.222846 0.073068 -0.310000
v 0.224552 0.076958 -0.308243
v 0.217097 0.075934 -0.310000
v 0.220048 0.081167 -0.304000
v 0.219184 0.079634 -0.308243
v 0.211728 0.079335 -0.310000
v 0.215203 0.084236 -0.304000
v 0.214185 0.082801 -0.308243
v 0.206757 0.083265 -0.310000
v 0.210724 0.087778 -0.304000
v 0.209562 0.086456 -0.308243
v 0.206611 0.091792 -0.304000
v 0.202202 0.087710 -0.310000
v 0.205319 0.090596 -0.308243
v 0.198071 0.092656 -0.310000
v 0.202863 0.096278 -0.304000
v 0.201459 0.095217 -0.308243
v 0.194308 0.098172 -0.310000
v 0.199481 0.101236 -0.304000
v 0.197966 0.100339 -0.308243
v 0.095210 0.103237 -0.310000
v 0.089465 0.101482 -0.304000
v 0.091147 0.101996 -0.308243
v 0.188250 0.110069 -0.310000
v 0.193749 0.112491 -0.304000
v 0.192139 0.111781 -0.308243
v 0.183312 0.123236 -0.310000
v 0.189027 0.125083 -0.304000
v 0.187353 0.124542 -0.308243
v 0.082465 0.129333 -0.304000
v 0.088324 0.130637 -0.310000
v 0.084181 0.129715 -0.308243
v 0.179368 0.137697 -0.310000
v 0.185249 0.138935 -0.304000
v 0.183527 0.138572 -0.308243
v 0.085636 0.145283 -0.310000
v 0.079715 0.144315 -0.304000
v 0.081449 0.144598 -0.308243
v 0.081027 0.136745 -0.304000
v 0.086929 0.137829 -0.310000
v 0.082756 0.137063 -0.308242
v 0.078527 0.152042 -0.304000
v 0.084466 0.152898 -0.310000
v 0.080267 0.152292 -0.308243
v 0.077465 0.159926 -0.304000
v 0.083418 0.160674 -0.310000
v 0.079208 0.160145 -0.308243
v 0.180527 0.170417 -0.304000
v 0.174558 0.169766 -0.310000
v 0.178779 0.170226 -0.308243
v 0.081690 0.176708 -0.310000
v 0.075715 0.176167 -0.304000
v 0.077465 0.176325 -0.308243
v 0.179937 0.179074 -0.303999
v 0.173945 0.178753 -0.310000
v 0.178182 0.178980 -0.308242
v 0.076527 0.167968 -0.304000
v 0.082493 0.168610 -0.310000
v 0.078274 0.168156 -0.308243
v 0.075027 0.184523 -0.304000
v 0.081011 0.184967 -0.310000
v 0.076780 0.184653 -0.308243
v 0.179583 0.188046 -0.303999
v 0.173584 0.187891 -0.310000
v 0.177826 0.188001 -0.308242
v 0.080455 0.193386 -0.310000
v 0.074465 0.193037 -0.304000
v 0.076219 0.193139 -0.308243
v 0.179465 0.197333 -0.304000
v 0.173465 0.197325 -0.310000
v 0.177707 0.197331 -0.308243
v 0.074027 0.201708 -0.304000
v 0.080022 0.201965 -0.310000
v 0.075783 0.201784 -0.308243
v 0.079714 0.210662 -0.310000
v 0.073715 0.210537 -0.304000
v 0.075472 0.210574 -0.308242
v 0.079465 0.228659 -0.310000
v 0.073465 0.228667 -0.303999
v 0.075222 0.228664 -0.308242
v 0.079763 0.247868 -0.310000
v 0.073766 0.248058 -0.303999
v 0.075522 0.248002 -0.308242
v 0.074668 0.266676 -0.304000
v 0.080656 0.266279 -0.310000
v 0.076422 0.266560 -0.308243
v 0.082142 0.283900 -0.310000
v 0.076173 0.284521 -0.304000
v 0.077921 0.284339 -0.308243
v 0.179573 0.282602 -0.304000
v 0.173575 0.282745 -0.310000
v 0.177817 0.282644 -0.308242
v 0.173465 0.273341 -0.310000
v 0.179465 0.273333 -0.304000
v 0.177707 0.273336 -0.308243
v 0.179900 0.291519 -0.303999
v 0.173907 0.291817 -0.310000
v 0.178145 0.291606 -0.308242
v 0.180444 0.300083 -0.304000
v 0.174461 0.300549 -0.310000
v 0.178692 0.300220 -0.308243
v 0.078280 0.301593 -0.304000
v 0.084219 0.300733 -0.310000
v 0.080019 0.301341 -0.308243
v 0.181205 0.308296 -0.303999
v 0.175240 0.308942 -0.310000
v 0.179458 0.308486 -0.308242
v 0.182185 0.316157 -0.303999
v 0.176243 0.316999 -0.310000
v 0.180444 0.316404 -0.308242
v 0.080988 0.317891 -0.304000
v 0.086885 0.316774 -0.310000
v 0.082715 0.317564 -0.308243
v 0.183381 0.323667 -0.304000
v 0.177474 0.324721 -0.310000
v 0.181651 0.323975 -0.308243
v 0.178945 0.332168 -0.310000
v 0.184796 0.330824 -0.304000
v 0.183082 0.331218 -0.308243
v 0.090119 0.331945 -0.310000
v 0.084298 0.333417 -0.304000
v 0.086003 0.332985 -0.308243
v 0.182546 0.345883 -0.310000
v 0.188277 0.344083 -0.304000
v 0.186599 0.344610 -0.308243
v 0.187118 0.358333 -0.310000
v 0.192629 0.355935 -0.304000
v 0.191015 0.356637 -0.308243
v 0.098385 0.360129 -0.310000
v 0.092724 0.362148 -0.304000
v 0.094382 0.361557 -0.308243
v 0.192713 0.369381 -0.310000
v 0.197898 0.366338 -0.304000
v 0.196379 0.367229 -0.308243
v 0.196154 0.374492 -0.310000
v 0.200974 0.370907 -0.304000
v 0.199562 0.371957 -0.308243
v 0.204361 0.375042 -0.304000
v 0.199907 0.379073 -0.310000
v 0.203056 0.376223 -0.308243
v 0.204030 0.383199 -0.310000
v 0.208057 0.378741 -0.304000
v 0.206878 0.380046 -0.308243
v 0.208516 0.386853 -0.310000
v 0.212064 0.382005 -0.304000
v 0.211025 0.383425 -0.308243
v 0.213351 0.390021 -0.310000
v 0.216381 0.384833 -0.304000
v 0.215494 0.386353 -0.308243
v 0.221009 0.387227 -0.304000
v 0.218518 0.392694 -0.310000
v 0.220279 0.388828 -0.308243
v 0.108931 0.385089 -0.310000
v 0.103557 0.387787 -0.304000
v 0.105131 0.386997 -0.308243
v 0.224000 0.394868 -0.310000
v 0.225946 0.389185 -0.304000
v 0.225376 0.390850 -0.308243
v 0.229900 0.396580 -0.310000
v 0.231194 0.390708 -0.304000
v 0.230815 0.392428 -0.308243
v 0.242620 0.392449 -0.304000
v 0.242060 0.398433 -0.310000
v 0.242456 0.394202 -0.308243
v 0.248798 0.392667 -0.304000
v 0.248739 0.398668 -0.310000
v 0.248781 0.394425 -0.308243
v 0.388105 0.391295 -0.310000
v 0.393465 0.394000 -0.304000
v 0.391895 0.393208 -0.308243
v 0.251650 0.392623 -0.303999
v 0.251837 0.398621 -0.310000
v 0.251705 0.394379 -0.308242
v 0.254975 0.398472 -0.310000
v 0.254428 0.392491 -0.304000
v 0.254588 0.394243 -0.308243
v 0.265960 0.396981 -0.310000
v 0.264798 0.391083 -0.304000
v 0.265138 0.392811 -0.308243
v 0.271303 0.395593 -0.310000
v 0.269539 0.389852 -0.304000
v 0.270056 0.391533 -0.308243
v 0.276263 0.393826 -0.310000
v 0.273983 0.388269 -0.304000
v 0.274651 0.389896 -0.308243
v 0.280995 0.391618 -0.310000
v 0.278131 0.386333 -0.304000
v 0.278970 0.387881 -0.308243
v 0.289235 0.386489 -0.310000
v 0.285687 0.381630 -0.304000
v 0.286726 0.383053 -0.308243
v 0.395717 0.374778 -0.310000
v 0.401317 0.376963 -0.304000
v 0.399676 0.376323 -0.308243
v 0.296496 0.380316 -0.310000
v 0.292354 0.375963 -0.304000
v 0.293567 0.377238 -0.308243
v 0.299841 0.376755 -0.310000
v 0.295354 0.372769 -0.304000
v 0.296668 0.373936 -0.308243
v 0.296770 0.371081 -0.304000
v 0.301436 0.374855 -0.310000
v 0.298137 0.372186 -0.308243
v 0.298131 0.369333 -0.304000
v 0.302947 0.372915 -0.310000
v 0.299542 0.370382 -0.308243
v 0.305741 0.368980 -0.310000
v 0.300715 0.365694 -0.304000
v 0.302187 0.366657 -0.308243
v 0.310678 0.360751 -0.310000
v 0.305381 0.357917 -0.304000
v 0.306933 0.358747 -0.308243
v 0.314879 0.351883 -0.310000
v 0.309381 0.349472 -0.304000
v 0.310992 0.350178 -0.308243
v 0.310277 0.347257 -0.304000
v 0.315865 0.349443 -0.310000
v 0.311914 0.347897 -0.308242
v 0.311131 0.345000 -0.304000
v 0.316759 0.347082 -0.310000
v 0.312780 0.345610 -0.308243
v 0.311958 0.342715 -0.304000
v 0.317607 0.344736 -0.310000
v 0.313613 0.343307 -0.308243
v 0.405770 0.343639 -0.310000
v 0.413465 0.339333 -0.304000
v 0.411211 0.340594 -0.308243
v 0.312770 0.340417 -0.304000
v 0.318434 0.342396 -0.310000
v 0.314429 0.340996 -0.308243
v 0.313569 0.338104 -0.304000
v 0.319247 0.340042 -0.310000
v 0.315232 0.338672 -0.308243
v 0.314354 0.335778 -0.304000
v 0.320046 0.337675 -0.310000
v 0.316021 0.336334 -0.308243
v 0.315124 0.333438 -0.304000
v 0.320830 0.335294 -0.310000
v 0.316796 0.333981 -0.308243
v 0.315881 0.331083 -0.304000
v 0.321600 0.332900 -0.310000
v 0.317556 0.331615 -0.308243
v 0.316624 0.328715 -0.304000
v 0.322356 0.330492 -0.310000
v 0.318303 0.329236 -0.308243
v 0.317354 0.326333 -0.304000
v 0.323103 0.328050 -0.310000
v 0.319038 0.326836 -0.308243
v 0.318770 0.321528 -0.304000
v 0.324537 0.323185 -0.310000
v 0.320459 0.322013 -0.308243
v 0.324347 0.323865 -0.310000
v 0.320131 0.316667 -0.304000
v 0.321366 0.318775 -0.308243
v 0.383855 0.399020 -0.310000
v 0.389048 0.402028 -0.304000
v 0.387527 0.401147 -0.308243
v 0.386694 0.405896 -0.303999
v 0.381615 0.402701 -0.310000
v 0.385206 0.404960 -0.308242
v 0.379261 0.406321 -0.310000
v 0.384242 0.409667 -0.304000
v 0.382783 0.408687 -0.308243
v 0.121736 0.406893 -0.310000
v 0.116798 0.410333 -0.304000
v 0.118244 0.409326 -0.308243
v 0.381694 0.413340 -0.303999
v 0.376816 0.409845 -0.310000
v 0.380265 0.412317 -0.308242
v 0.374279 0.413274 -0.310000
v 0.379048 0.416917 -0.303999
v 0.377651 0.415850 -0.308242
v 0.376305 0.420396 -0.303999
v 0.371651 0.416608 -0.310000
v 0.374942 0.419286 -0.308242
v 0.368960 0.419812 -0.310000
v 0.373465 0.423778 -0.304000
v 0.372145 0.422616 -0.308243
v 0.363179 0.426077 -0.310000
v 0.367493 0.430250 -0.304000
v 0.366229 0.429028 -0.308243
v 0.136950 0.425477 -0.310000
v 0.132557 0.429583 -0.304000
v 0.133844 0.428381 -0.308243
v 0.364361 0.433340 -0.303999
v 0.360213 0.429003 -0.310000
v 0.363146 0.432070 -0.308242
v 0.357240 0.431759 -0.310000
v 0.361131 0.436333 -0.304000
v 0.359992 0.434994 -0.308243
v 0.145330 0.433334 -0.310000
v 0.141423 0.437896 -0.304000
v 0.142567 0.436560 -0.308243
v 0.154425 0.440438 -0.310000
v 0.150946 0.445333 -0.304000
v 0.151965 0.443899 -0.308243
v 0.343681 0.442333 -0.310000
v 0.347168 0.447222 -0.304000
v 0.346147 0.445790 -0.308243
v 0.343411 0.449667 -0.303999
v 0.340224 0.444582 -0.310000
v 0.342478 0.448178 -0.308242
v 0.336531 0.446813 -0.310000
v 0.339548 0.452000 -0.303999
v 0.338664 0.450481 -0.308242
v 0.164152 0.446707 -0.310000
v 0.161127 0.451896 -0.304000
v 0.162013 0.450376 -0.308243
v 0.335578 0.454222 -0.303999
v 0.332733 0.448939 -0.310000
v 0.334745 0.452675 -0.308242
v 0.328952 0.450897 -0.310000
v 0.331502 0.456333 -0.304000
v 0.330755 0.454741 -0.308243
v 0.174410 0.452091 -0.310000
v 0.171965 0.457583 -0.304000
v 0.172681 0.455974 -0.308243
v 0.312148 0.457991 -0.310000
v 0.314131 0.463667 -0.304000
v 0.313550 0.462004 -0.308243
v 0.197252 0.460542 -0.310000
v 0.195613 0.466333 -0.304000
v 0.196093 0.464637 -0.308243
v 0.293680 0.463161 -0.310000
v 0.294946 0.469037 -0.304000
v 0.294575 0.467316 -0.308243
v 0.222663 0.465619 -0.310000
v 0.221891 0.471583 -0.304000
v 0.222117 0.469836 -0.308243
v 0.273130 0.466297 -0.310000
v 0.273835 0.472259 -0.304000
v 0.273628 0.470513 -0.308243
v 0.268256 0.472729 -0.303999
v 0.267829 0.466744 -0.310000
v 0.268131 0.470976 -0.308242
v 0.262278 0.467071 -0.310000
v 0.262557 0.473065 -0.304000
v 0.262475 0.471309 -0.308242
v 0.256738 0.473266 -0.304000
v 0.256601 0.467267 -0.310000
v 0.256698 0.471509 -0.308242
v 0.250946 0.467331 -0.310000
v 0.250798 0.473333 -0.304000
v 0.250841 0.471575 -0.308243
v 0.330149 0.184000 -0.310000
v 0.324131 0.178000 -0.304000
v 0.325894 0.179757 -0.308243
v 0.407465 0.242667 -0.310000
v 0.413465 0.248667 -0.304000
v 0.411707 0.246909 -0.308243
v 0.324016 0.138856 -0.304000
v 0.330015 0.138565 -0.310000
v 0.325773 0.138771 -0.308243
v 0.323090 0.129042 -0.304000
v 0.329034 0.128164 -0.310000
v 0.324831 0.128785 -0.308243
v 0.321238 0.119856 -0.304000
v 0.327051 0.118332 -0.310000
v 0.322941 0.119410 -0.308243
v 0.318460 0.111301 -0.304000
v 0.324053 0.109096 -0.310000
v 0.320098 0.110655 -0.308243
v 0.314756 0.103375 -0.304000
v 0.320070 0.100574 -0.310000
v 0.316313 0.102555 -0.308243
v 0.312557 0.099648 -0.304000
v 0.317577 0.096348 -0.310000
v 0.314027 0.098681 -0.308243
v 0.307465 0.092667 -0.304000
v 0.312048 0.088769 -0.310000
v 0.308807 0.091525 -0.308243
v 0.244798 0.248667 -0.304000
v 0.250798 0.242667 -0.310000
v 0.246555 0.246909 -0.308243
v 0.250798 0.184000 -0.310000
v 0.244798 0.178000 -0.304000
v 0.246555 0.179757 -0.308243
vn -0.5812 0.8137 -0.0000
vn -0.7114 0.7028 -0.0000
vn -0.2971 0.9548 -0.0000
vn -0.4388 0.8986 -0.0000
vn 0.8326 -0.5539 -0.0000
vn 0.7073 -0.7069 -0.0000
vn 0.7134 0.7008 -0.0000
vn 0.3817 -0.9243 -0.0000
vn 0.7947 0.6070 -0.0000
vn 0.8618 0.5073 -0.0000
vn -0.9803 0.1976 -0.0000
vn 0.5831 -0.8124 -0.0000
vn 0.7428 -0.6695 -0.0000
vn 0.9387 -0.3447 -0.0000
vn -0.5285 -0.8489 -0.0000
vn 0.2360 -0.9718 -0.0000
vn -1.0000 -0.0000 -0.0000
vn -0.3014 -0.9535 -0.0000
vn -0.4777 -0.8785 -0.0000
vn 0.9889 0.1483 -0.0000
vn -0.1345 -0.9909 -0.0000
vn -0.0604 0.9982 -0.0000
vn -0.0000 -1.0000 -0.0000
vn 0.9516 0.3072 -0.0000
vn 0.3561 0.9345 -0.0000
vn 0.6202 0.7844 -0.0000
vn 0.6984 0.7157 -0.0000
vn 0.7674 0.6411 -0.0000
vn 0.8261 0.5635 -0.0000
vn 0.8911 0.4538 -0.0000
vn 0.8921 -0.4518 -0.0000
vn -0.2514 -0.9679 -0.0000
vn -0.9698 -0.2438 -0.0000
vn 0.7736 -0.6337 -0.0000
vn -0.0000 1.0000 -0.0000
vn -1.0000 0.0030 -0.0000
vn 0.9901 -0.1402 -0.0000
vn 0.5027 0.8644 -0.0000
vn -0.0511 0.9987 -0.0000
vn 0.0485 -0.9988 -0.0000
vn -0.7970 -0.6040 -0.0000
vn -0.5576 -0.8301 -0.0000
vn 0.6701 -0.7423 -0.0000
vn 1.0000 0.0006 -0.0000
vn 0.8295 -0.5585 -0.0000
vn 0.6316 -0.7753 -0.0000
vn 0.5481 -0.8364 -0.0000
vn 0.4594 -0.8882 -0.0000
vn 0.3687 -0.9296 -0.0000
vn -0.8623 0.5064 -0.0000
vn 0.2787 -0.9604 -0.0000
vn 0.0035 -1.0000 -0.0000
vn -0.1959 0.9806 -0.0000
vn -0.9596 0.2814 -0.0000
vn -0.3356 -0.9420 -0.0000
vn 0.9648 0.2631 -0.0000
vn -0.9922 -0.1246 -0.0000
vn -0.1662 0.9861 -0.0000
vn -0.8575 -0.5145 -0.0000
vn 0.5352 0.8447 -0.0000
vn -0.9211 0.3892 -0.0000
vn -0.9503 -0.3114 -0.0000
vn 0.1546 -0.9880 -0.0000
vn -0.6476 -0.7619 -0.0000
vn -0.7738 0.6335 -0.0000
vn -0.9404 -0.3401 -0.0000
vn 0.4461 0.8950 -0.0000
vn -0.4228 -0.9062 -0.0000
vn -0.2115 -0.9774 -0.0000
vn -0.9511 0.3088 -0.0000
vn 0.4823 -0.8760 -0.0000
vn -0.8079 0.5893 -0.0000
vn 0.0687 0.9976 -0.0000
vn 0.9672 -0.2540 -0.0000
vn -0.7289 -0.6846 -0.0000
vn 0.1506 -0.9886 -0.0000
vn 0.9363 0.3511 -0.0000
vn -0.9898 0.1428 -0.0000
vn -0.5418 0.8405 -0.0000
vn -0.3910 -0.9204 -0.0000
vn -0.9060 0.4233 -0.0000
vn -0.7250 -0.6887 -0.0000
vn -0.6299 -0.7767 -0.0000
vn -0.3470 0.9379 -0.0000
vn 0.3889 0.9213 -0.0000
vn -0.4647 0.8855 -0.0000
vn -0.6155 0.7881 -0.0000
vn 0.2253 0.9743 -0.0000
vn -1.0000 0.0028 -0.0000
vn 0.6150 0.7886 -0.0000
vn -0.8938 -0.4484 -0.0000
vn -0.0812 -0.9967 -0.0000
vn 0.2715 -0.9624 -0.0000
vn -0.9037 -0.4281 -0.0000
vn 0.9000 -0.4359 -0.0000
vn 0.9082 0.4186 -0.0000
vn 1.0000 -0.0000 -0.0000
vn -0.6840 0.7295 -0.0000
vn 0.1509 0.9886 -0.0000
vn -0.8612 0.5082 -0.0000
vn -0.8242 -0.5663 -0.0000
vn 0.2696 0.9630 -0.0000
vn 0.0466 0.9989 -0.0000
vn -0.9956 0.0939 -0.0000
vn -0.0000 -0.3827 0.9239
vn -0.0000 -0.9239 0.3827
vn -0.9239 -0.0000 0.3827
vn -0.3827 -0.0000 0.9239
vn 0.3444 -0.1668 0.9239
vn 0.8315 -0.4027 0.3827
vn 0.3186 -0.2120 0.9239
vn 0.7692 -0.5117 0.3827
vn 0.2940 -0.2450 0.9239
vn 0.7099 -0.5913 0.3827
vn 0.2876 -0.2525 0.9239
vn 0.6943 -0.6095 0.3827
vn 0.2775 -0.2635 0.9239
vn 0.6699 -0.6362 0.3827
vn 0.2564 -0.2841 0.9239
vn 0.6191 -0.6858 0.3827
vn 0.2232 -0.3109 0.9239
vn 0.5388 -0.7505 0.3827
vn 0.1846 -0.3352 0.9239
vn 0.4456 -0.8093 0.3827
vn 0.1461 -0.3537 0.9239
vn 0.3526 -0.8539 0.3827
vn 0.1039 -0.3683 0.9239
vn 0.2509 -0.8892 0.3827
vn 0.0592 -0.3781 0.9239
vn 0.1429 -0.9128 0.3827
vn 0.0332 -0.3813 0.9239
vn 0.0802 -0.9204 0.3827
vn 0.0234 -0.3820 0.9239
vn 0.0564 -0.9222 0.3827
vn 0.0138 -0.3825 0.9239
vn 0.0333 -0.9233 0.3827
vn 0.0046 -0.3827 0.9239
vn 0.0110 -0.9238 0.3827
vn -0.0311 -0.3814 0.9239
vn -0.0750 -0.9208 0.3827
vn -0.0809 -0.3740 0.9239
vn -0.1954 -0.9030 0.3827
vn -0.1153 -0.3649 0.9239
vn -0.2784 -0.8809 0.3827
vn -0.1496 -0.3522 0.9239
vn -0.3612 -0.8503 0.3827
vn -0.1828 -0.3362 0.9239
vn -0.4413 -0.8116 0.3827
vn -0.2134 -0.3177 0.9239
vn -0.5152 -0.7669 0.3827
vn -0.2410 -0.2972 0.9239
vn -0.5819 -0.7176 0.3827
vn -0.2774 -0.2636 0.9239
vn -0.6698 -0.6363 0.3827
vn -0.3154 -0.2167 0.9239
vn -0.7615 -0.5232 0.3827
vn -0.3333 -0.1881 0.9239
vn -0.8046 -0.4541 0.3827
vn -0.3393 -0.1771 0.9239
vn -0.8191 -0.4275 0.3826
vn -0.3447 -0.1662 0.9239
vn -0.8322 -0.4013 0.3826
vn 0.0263 0.3818 0.9239
vn 0.0635 0.9217 0.3827
vn 0.0862 0.3728 0.9239
vn 0.2082 0.9001 0.3827
vn 0.1363 0.3576 0.9239
vn 0.3290 0.8633 0.3827
vn 0.1707 0.3425 0.9239
vn 0.4121 0.8269 0.3827
vn 0.2374 0.3002 0.9239
vn 0.5730 0.7247 0.3827
vn 0.2048 0.3233 0.9239
vn 0.4944 0.7804 0.3827
vn 0.2673 0.2739 0.9239
vn 0.6452 0.6612 0.3827
vn 0.2937 0.2453 0.9239
vn 0.7090 0.5923 0.3827
vn 0.3161 0.2156 0.9239
vn 0.7632 0.5206 0.3827
vn 0.3410 0.1737 0.9239
vn 0.8233 0.4193 0.3827
vn 0.3583 0.1344 0.9239
vn 0.8651 0.3244 0.3827
vn 0.3692 0.1007 0.9239
vn 0.8913 0.2431 0.3827
vn -0.3793 -0.0511 0.9239
vn -0.9156 -0.1234 0.3827
vn -0.3783 -0.0581 0.9239
vn -0.9132 -0.1403 0.3827
vn 0.3785 0.0568 0.9239
vn 0.9137 0.1370 0.3827
vn 0.3818 0.0260 0.9239
vn 0.9217 0.0629 0.3827
vn 0.3827 0.0048 0.9239
vn 0.9238 0.0117 0.3827
vn 0.3824 0.0151 0.9239
vn 0.9232 0.0364 0.3826
vn -0.3819 -0.0252 0.9239
vn -0.9219 -0.0609 0.3827
vn -0.3814 -0.0314 0.9239
vn -0.9208 -0.0758 0.3827
vn 0.3827 -0.0000 0.9239
vn 0.9239 -0.0000 0.3827
vn -0.3825 -0.0135 0.9239
vn -0.9233 -0.0327 0.3827
vn -0.3822 -0.0193 0.9239
vn -0.9227 -0.0465 0.3827
vn 0.3825 -0.0140 0.9239
vn 0.9233 -0.0338 0.3827
vn 0.3827 -0.0045 0.9239
vn 0.9238 -0.0108 0.3827
vn 0.3819 -0.0243 0.9239
vn 0.9220 -0.0586 0.3827
vn 0.3811 -0.0353 0.9239
vn 0.9199 -0.0853 0.3827
vn 0.3779 -0.0603 0.9239
vn 0.9124 -0.1455 0.3827
vn 0.3798 -0.0473 0.9239
vn 0.9168 -0.1142 0.3826
vn 0.3754 -0.0742 0.9239
vn 0.9064 -0.1791 0.3827
vn 0.3701 -0.0972 0.9239
vn 0.8936 -0.2346 0.3827
vn 0.3592 -0.1319 0.9239
vn 0.8673 -0.3185 0.3827
vn 0.3174 -0.2137 0.9239
vn 0.7664 -0.5160 0.3827
vn 0.3414 -0.1729 0.9239
vn 0.8242 -0.4174 0.3827
vn 0.2960 -0.2425 0.9239
vn 0.7147 -0.5854 0.3827
vn 0.2707 -0.2705 0.9239
vn 0.6535 -0.6531 0.3827
vn 0.2097 -0.3201 0.9239
vn 0.5063 -0.7728 0.3827
vn 0.2417 -0.2967 0.9239
vn 0.5835 -0.7163 0.3827
vn 0.1758 -0.3399 0.9239
vn 0.4245 -0.8206 0.3827
vn 0.1411 -0.3557 0.9239
vn 0.3406 -0.8588 0.3827
vn 0.1067 -0.3675 0.9239
vn 0.2575 -0.8873 0.3827
vn 0.0576 -0.3783 0.9239
vn 0.1391 -0.9133 0.3827
vn 0.0135 -0.3824 0.9239
vn 0.0325 -0.9233 0.3827
vn -0.0058 -0.3827 0.9239
vn -0.0141 -0.9238 0.3827
vn -0.0182 -0.3823 0.9239
vn -0.0439 -0.9228 0.3827
vn -0.0515 -0.3792 0.9239
vn -0.1242 -0.9155 0.3827
vn -0.0962 -0.3704 0.9239
vn -0.2323 -0.8942 0.3827
vn -0.1284 -0.3605 0.9239
vn -0.3100 -0.8703 0.3827
vn -0.1618 -0.3468 0.9239
vn -0.3906 -0.8372 0.3827
vn -0.2022 -0.3249 0.9239
vn -0.4883 -0.7843 0.3827
vn -0.2478 -0.2916 0.9239
vn -0.5983 -0.7039 0.3827
vn -0.2790 -0.2620 0.9239
vn -0.6734 -0.6325 0.3827
vn -0.2931 -0.2460 0.9239
vn -0.7076 -0.5940 0.3827
vn -0.3019 -0.2352 0.9239
vn -0.7289 -0.5677 0.3827
vn -0.3120 -0.2215 0.9239
vn -0.7533 -0.5349 0.3827
vn -0.3282 -0.1969 0.9239
vn -0.7922 -0.4753 0.3827
vn -0.3459 -0.1638 0.9239
vn -0.8349 -0.3955 0.3827
vn -0.3548 -0.1435 0.9239
vn -0.8565 -0.3464 0.3827
vn -0.3579 -0.1354 0.9239
vn -0.8641 -0.3270 0.3827
vn -0.3599 -0.1301 0.9239
vn -0.8688 -0.3142 0.3827
vn -0.3608 -0.1275 0.9239
vn -0.8711 -0.3079 0.3827
vn -0.3617 -0.1249 0.9239
vn -0.8733 -0.3016 0.3827
vn -0.3626 -0.1223 0.9239
vn -0.8754 -0.2953 0.3827
vn -0.3635 -0.1197 0.9239
vn -0.8775 -0.2890 0.3827
vn -0.3643 -0.1171 0.9239
vn -0.8795 -0.2828 0.3827
vn -0.3651 -0.1146 0.9239
vn -0.8815 -0.2766 0.3827
vn -0.3659 -0.1120 0.9239
vn -0.8834 -0.2704 0.3827
vn -0.3671 -0.1082 0.9239
vn -0.8862 -0.2613 0.3827
vn 0.3685 0.1033 -0.9239
vn -0.8897 -0.2491 0.3827
vn 0.0903 -0.3719 0.9239
vn 0.2180 -0.8978 0.3827
vn 0.3642 0.1176 0.9239
vn 0.8792 0.2838 0.3827
vn 0.3475 0.1602 0.9239
vn 0.8391 0.3867 0.3827
vn 0.3353 0.1845 0.9239
vn 0.8095 0.4453 0.3827
vn 0.3269 0.1990 0.9239
vn 0.7892 0.4804 0.3827
vn 0.3144 0.2182 0.9239
vn 0.7591 0.5267 0.3827
vn 0.3209 0.2086 0.9239
vn 0.7746 0.5035 0.3827
vn 0.3077 0.2276 0.9239
vn 0.7428 0.5495 0.3826
vn 0.3005 0.2369 0.9239
vn 0.7255 0.5720 0.3826
vn 0.2931 0.2461 0.9239
vn 0.7075 0.5941 0.3827
vn 0.2812 0.2595 0.9239
vn 0.6790 0.6265 0.3827
vn 0.2688 0.2725 0.9239
vn 0.6489 0.6577 0.3827
vn 0.2602 0.2807 0.9239
vn 0.6281 0.6775 0.3827
vn 0.2087 0.3208 0.9239
vn 0.5038 0.7744 0.3827
vn 0.2353 0.3018 0.9239
vn 0.5681 0.7285 0.3827
vn 0.1979 0.3276 0.9239
vn 0.4776 0.7908 0.3826
vn 0.1869 0.3340 0.9239
vn 0.4513 0.8062 0.3826
vn 0.1760 0.3398 0.9239
vn 0.4249 0.8204 0.3827
vn 0.1488 0.3526 0.9239
vn 0.3593 0.8511 0.3827
vn 0.1032 0.3685 0.9239
vn 0.2490 0.8897 0.3827
vn 0.0321 0.3814 0.9239
vn 0.0775 0.9206 0.3827
vn 0.0577 0.3783 0.9239
vn 0.1394 0.9133 0.3827
vn 0.0225 0.3820 0.9239
vn 0.0543 0.9223 0.3827
vn 0.0132 0.3825 0.9239
vn 0.0320 0.9233 0.3827
vn 0.0043 0.3827 0.9239
vn 0.0105 0.9238 0.3827
vn -0.0231 0.3820 0.9239
vn -0.0558 0.9222 0.3827
vn -0.0750 0.3753 0.9239
vn -0.1810 0.9060 0.3827
vn -0.1328 0.3589 0.9239
vn -0.3206 0.8665 0.3827
vn -0.1778 0.3389 0.9239
vn -0.4293 0.8181 0.3827
vn -0.2073 0.3217 0.9239
vn -0.5006 0.7765 0.3827
vn -0.2355 0.3016 0.9239
vn -0.5687 0.7281 0.3827
vn -0.2617 0.2792 0.9239
vn -0.6319 0.6740 0.3827
vn -0.2961 0.2424 0.9239
vn -0.7149 0.5852 0.3827
vn -0.3300 0.1938 0.9239
vn -0.7967 0.4679 0.3827
vn -0.3525 0.1489 0.9239
vn -0.8510 0.3596 0.3827
vn -0.3672 0.1077 0.9239
vn -0.8865 0.2600 0.3827
vn -0.3743 0.0798 0.9239
vn -0.9036 0.1927 0.3827
vn -0.3775 0.0627 0.9239
vn -0.9114 0.1514 0.3827
vn -0.3798 0.0469 0.9239
vn -0.9169 0.1131 0.3827
vn -0.3813 0.0322 0.9239
vn -0.9206 0.0776 0.3827
vn -0.3827 -0.0053 0.9239
vn -0.9238 -0.0127 0.3827
vn -0.3827 0.0059 0.9239
vn -0.9238 0.0143 0.3826
vn -0.3823 0.0185 0.9239
vn -0.9228 0.0447 0.3827
vn -0.3808 -0.0377 0.9239
vn -0.9194 -0.0911 0.3827
vn -0.3801 -0.0443 0.9239
vn -0.9177 -0.1070 0.3827
vn -0.3771 -0.0654 0.9239
vn -0.9103 -0.1579 0.3827
vn -0.3757 -0.0728 0.9239
vn -0.9070 -0.1759 0.3827
vn -0.3711 -0.0933 0.9239
vn -0.8960 -0.2252 0.3827
vn -0.3496 -0.1556 0.9239
vn -0.8441 -0.3756 0.3827
vn -0.2722 0.2689 0.9239
vn -0.6573 0.6493 0.3827
vn -0.3092 0.2255 0.9239
vn -0.7464 0.5445 0.3827
vn -0.3296 0.1945 0.9239
vn -0.7957 0.4695 0.3827
vn -0.3467 0.1620 0.9239
vn -0.8370 0.3911 0.3827
vn -0.3640 0.1182 0.9239
vn -0.8787 0.2853 0.3827
vn -0.3751 0.0756 0.9239
vn -0.9057 0.1826 0.3827
vn -0.3810 0.0359 0.9239
vn -0.9198 0.0868 0.3827
vn -0.3827 0.0011 0.9239
vn -0.9239 0.0027 0.3827
vn -0.0000 0.3827 0.9239
vn -0.0000 0.9239 0.3827
vn -0.0196 0.3822 0.9239
vn -0.0472 0.9227 0.3827
vn -0.0636 0.3774 0.9239
vn -0.1535 0.9110 0.3827
vn -0.1137 0.3654 0.9239
vn -0.2745 0.8821 0.3827
vn -0.1679 0.3439 0.9239
vn -0.4054 0.8302 0.3827
vn -0.2224 0.3114 0.9239
vn -0.5370 0.7518 0.3827
vn -0.0000 -0.0000 1.0000
vn -0.0000 -0.9239 -0.3827
vn -0.0000 -0.3827 -0.9239
vn -0.3827 -0.0000 -0.9239
vn -0.9239 -0.0000 -0.3827
vn 0.8315 -0.4027 -0.3827
vn 0.3444 -0.1668 -0.9239
vn 0.7692 -0.5117 -0.3827
vn 0.3186 -0.2120 -0.9239
vn 0.7099 -0.5913 -0.3827
vn 0.2941 -0.2449 -0.9239
vn 0.6943 -0.6095 -0.3827
vn 0.2876 -0.2525 -0.9239
vn 0.6699 -0.6362 -0.3827
vn 0.2775 -0.2635 -0.9239
vn 0.6191 -0.6858 -0.3827
vn 0.2564 -0.2840 -0.9239
vn 0.5388 -0.7505 -0.3827
vn 0.2232 -0.3109 -0.9239
vn 0.4456 -0.8093 -0.3827
vn 0.1846 -0.3352 -0.9239
vn 0.3527 -0.8539 -0.3827
vn 0.1461 -0.3537 -0.9239
vn 0.2509 -0.8892 -0.3827
vn 0.1039 -0.3683 -0.9239
vn 0.1429 -0.9128 -0.3827
vn 0.0592 -0.3781 -0.9239
vn 0.0802 -0.9204 -0.3827
vn 0.0332 -0.3812 -0.9239
vn 0.0564 -0.9222 -0.3826
vn 0.0234 -0.3820 -0.9239
vn 0.0333 -0.9233 -0.3827
vn 0.0138 -0.3825 -0.9239
vn 0.0110 -0.9238 -0.3827
vn 0.0045 -0.3827 -0.9239
vn -0.0750 -0.9208 -0.3827
vn -0.0311 -0.3814 -0.9239
vn -0.1954 -0.9030 -0.3827
vn -0.0809 -0.3740 -0.9239
vn -0.2785 -0.8809 -0.3827
vn -0.1153 -0.3649 -0.9239
vn -0.3612 -0.8503 -0.3827
vn -0.1496 -0.3522 -0.9239
vn -0.4413 -0.8116 -0.3827
vn -0.1828 -0.3362 -0.9239
vn -0.5152 -0.7669 -0.3827
vn -0.2134 -0.3177 -0.9239
vn -0.5819 -0.7176 -0.3827
vn -0.2410 -0.2972 -0.9239
vn -0.6698 -0.6363 -0.3827
vn -0.2774 -0.2636 -0.9239
vn -0.7615 -0.5231 -0.3827
vn -0.3154 -0.2167 -0.9239
vn -0.8046 -0.4542 -0.3826
vn -0.3333 -0.1881 -0.9239
vn -0.8191 -0.4275 -0.3826
vn -0.3393 -0.1771 -0.9239
vn -0.8322 -0.4013 -0.3826
vn -0.3447 -0.1662 -0.9239
vn -0.8441 -0.3756 -0.3827
vn -0.3496 -0.1556 -0.9239
vn 0.0635 0.9217 -0.3827
vn 0.0263 0.3818 -0.9239
vn 0.4122 0.8269 -0.3827
vn 0.1707 0.3425 -0.9239
vn 0.3290 0.8633 -0.3827
vn 0.1363 0.3576 -0.9239
vn 0.4944 0.7804 -0.3827
vn 0.2048 0.3233 -0.9239
vn 0.5730 0.7247 -0.3827
vn 0.2373 0.3002 -0.9239
vn 0.7090 0.5923 -0.3827
vn 0.2937 0.2453 -0.9239
vn 0.6452 0.6612 -0.3827
vn 0.2673 0.2739 -0.9239
vn 0.7632 0.5206 -0.3827
vn 0.3161 0.2156 -0.9239
vn 0.8233 0.4193 -0.3827
vn 0.3410 0.1737 -0.9239
vn -0.8960 -0.2252 -0.3827
vn -0.3711 -0.0933 -0.9239
vn 0.8651 0.3244 -0.3827
vn 0.3583 0.1344 -0.9239
vn 0.8913 0.2431 -0.3827
vn 0.3692 0.1007 -0.9239
vn -0.9103 -0.1578 -0.3827
vn -0.3771 -0.0654 -0.9239
vn -0.9070 -0.1759 -0.3827
vn -0.3757 -0.0729 -0.9239
vn 0.9217 0.0629 -0.3827
vn 0.3818 0.0260 -0.9239
vn 0.9137 0.1370 -0.3827
vn 0.3784 0.0568 -0.9239
vn -0.9194 -0.0911 -0.3827
vn -0.3808 -0.0377 -0.9239
vn -0.9177 -0.1070 -0.3827
vn -0.3801 -0.0443 -0.9239
vn 0.9232 0.0364 -0.3826
vn 0.3824 0.0151 -0.9239
vn 0.9238 0.0117 -0.3826
vn 0.3827 0.0048 -0.9239
vn -0.9233 -0.0327 -0.3827
vn -0.3825 -0.0135 -0.9239
vn -0.9227 -0.0465 -0.3827
vn -0.3822 -0.0193 -0.9239
vn -0.9238 -0.0127 -0.3827
vn -0.3827 -0.0053 -0.9239
vn -0.9238 0.0143 -0.3826
vn -0.3827 0.0059 -0.9239
vn -0.9228 0.0447 -0.3827
vn -0.3823 0.0185 -0.9239
vn -0.9206 0.0776 -0.3827
vn -0.3813 0.0322 -0.9239
vn 0.9238 -0.0108 -0.3827
vn 0.3827 -0.0045 -0.9239
vn 0.9239 -0.0000 -0.3827
vn 0.3827 -0.0000 -0.9239
vn 0.9233 -0.0338 -0.3827
vn 0.3825 -0.0140 -0.9239
vn 0.9199 -0.0853 -0.3827
vn 0.3811 -0.0353 -0.9239
vn 0.9220 -0.0586 -0.3827
vn 0.3819 -0.0243 -0.9239
vn 0.9168 -0.1142 -0.3826
vn 0.3798 -0.0473 -0.9239
vn 0.9124 -0.1454 -0.3827
vn 0.3779 -0.0602 -0.9239
vn 0.9064 -0.1791 -0.3827
vn 0.3754 -0.0742 -0.9239
vn 0.8936 -0.2346 -0.3827
vn 0.3701 -0.0972 -0.9239
vn 0.8673 -0.3184 -0.3827
vn 0.3592 -0.1319 -0.9239
vn 0.8242 -0.4174 -0.3827
vn 0.3414 -0.1729 -0.9239
vn 0.7664 -0.5160 -0.3827
vn 0.3174 -0.2137 -0.9239
vn 0.6535 -0.6531 -0.3827
vn 0.2707 -0.2705 -0.9239
vn 0.7147 -0.5854 -0.3827
vn 0.2960 -0.2425 -0.9239
vn 0.5835 -0.7163 -0.3827
vn 0.2417 -0.2967 -0.9239
vn 0.5063 -0.7728 -0.3827
vn 0.2097 -0.3201 -0.9239
vn 0.3406 -0.8588 -0.3827
vn 0.1411 -0.3557 -0.9239
vn 0.4245 -0.8206 -0.3827
vn 0.1758 -0.3399 -0.9239
vn 0.2575 -0.8873 -0.3827
vn 0.1067 -0.3675 -0.9239
vn 0.0325 -0.9233 -0.3827
vn 0.0135 -0.3824 -0.9239
vn 0.1392 -0.9133 -0.3827
vn 0.0576 -0.3783 -0.9239
vn -0.0142 -0.9238 -0.3827
vn -0.0059 -0.3827 -0.9239
vn -0.0439 -0.9228 -0.3827
vn -0.0182 -0.3823 -0.9239
vn -0.1242 -0.9155 -0.3827
vn -0.0515 -0.3792 -0.9239
vn -0.2323 -0.8942 -0.3827
vn -0.0962 -0.3704 -0.9239
vn -0.3100 -0.8703 -0.3827
vn -0.1284 -0.3605 -0.9239
vn -0.3906 -0.8373 -0.3827
vn -0.1618 -0.3468 -0.9239
vn -0.4883 -0.7843 -0.3827
vn -0.2022 -0.3249 -0.9239
vn -0.5983 -0.7039 -0.3827
vn -0.2478 -0.2916 -0.9239
vn -0.6735 -0.6325 -0.3827
vn -0.2789 -0.2620 -0.9239
vn -0.7076 -0.5940 -0.3827
vn -0.2931 -0.2460 -0.9239
vn -0.7289 -0.5677 -0.3827
vn -0.3019 -0.2352 -0.9239
vn -0.7533 -0.5349 -0.3827
vn -0.3120 -0.2215 -0.9239
vn -0.7922 -0.4753 -0.3827
vn -0.3281 -0.1969 -0.9239
vn -0.8349 -0.3955 -0.3827
vn -0.3458 -0.1638 -0.9239
vn -0.8565 -0.3464 -0.3827
vn -0.3548 -0.1435 -0.9239
vn -0.8641 -0.3270 -0.3827
vn -0.3579 -0.1355 -0.9239
vn -0.8688 -0.3142 -0.3827
vn -0.3599 -0.1302 -0.9239
vn -0.8711 -0.3079 -0.3827
vn -0.3608 -0.1275 -0.9239
vn -0.8733 -0.3016 -0.3827
vn -0.3617 -0.1249 -0.9239
vn -0.8754 -0.2953 -0.3827
vn -0.3626 -0.1223 -0.9239
vn -0.8775 -0.2890 -0.3827
vn -0.3635 -0.1197 -0.9239
vn -0.8795 -0.2828 -0.3827
vn -0.3643 -0.1171 -0.9239
vn -0.8815 -0.2766 -0.3827
vn -0.3651 -0.1146 -0.9239
vn -0.8834 -0.2705 -0.3827
vn -0.3659 -0.1120 -0.9239
vn -0.8862 -0.2612 -0.3827
vn -0.3671 -0.1082 -0.9239
vn -0.8897 -0.2491 -0.3827
vn -0.3685 -0.1032 -0.9239
vn 0.2180 -0.8978 -0.3827
vn 0.0903 -0.3719 -0.9239
vn 0.8792 0.2838 -0.3827
vn 0.3642 0.1176 -0.9239
vn 0.7892 0.4803 -0.3827
vn 0.3269 0.1990 -0.9239
vn 0.7746 0.5035 -0.3827
vn 0.3209 0.2086 -0.9239
vn 0.7591 0.5267 -0.3827
vn 0.3144 0.2182 -0.9239
vn 0.7255 0.5720 -0.3827
vn 0.3005 0.2370 -0.9239
vn 0.7427 0.5495 -0.3827
vn 0.3077 0.2276 -0.9239
vn 0.7075 0.5941 -0.3827
vn 0.2931 0.2461 -0.9239
vn 0.6489 0.6577 -0.3827
vn 0.2688 0.2724 -0.9239
vn 0.6790 0.6265 -0.3827
vn 0.2812 0.2595 -0.9239
vn 0.6281 0.6776 -0.3827
vn 0.2602 0.2806 -0.9239
vn 0.5681 0.7285 -0.3827
vn 0.2353 0.3018 -0.9239
vn 0.5038 0.7744 -0.3827
vn 0.2087 0.3208 -0.9239
vn 0.4513 0.8062 -0.3827
vn 0.1869 0.3340 -0.9239
vn 0.4776 0.7909 -0.3826
vn 0.1979 0.3276 -0.9239
vn 0.4249 0.8204 -0.3827
vn 0.1760 0.3398 -0.9239
vn 0.3593 0.8511 -0.3827
vn 0.1488 0.3525 -0.9239
vn 0.2490 0.8897 -0.3827
vn 0.1032 0.3685 -0.9239
vn 0.1394 0.9133 -0.3827
vn 0.0577 0.3783 -0.9239
vn 0.0775 0.9206 -0.3827
vn 0.0321 0.3813 -0.9239
vn 0.0320 0.9233 -0.3827
vn 0.0132 0.3825 -0.9239
vn 0.0543 0.9223 -0.3826
vn 0.0225 0.3821 -0.9239
vn 0.0105 0.9238 -0.3827
vn 0.0043 0.3827 -0.9239
vn -0.0558 0.9222 -0.3827
vn -0.0231 0.3820 -0.9239
vn -0.1810 0.9060 -0.3827
vn -0.0750 0.3753 -0.9239
vn -0.3206 0.8665 -0.3827
vn -0.1328 0.3589 -0.9239
vn -0.4293 0.8181 -0.3827
vn -0.1778 0.3389 -0.9239
vn -0.5006 0.7765 -0.3827
vn -0.2073 0.3216 -0.9239
vn -0.5687 0.7281 -0.3827
vn -0.2355 0.3016 -0.9239
vn -0.6319 0.6740 -0.3827
vn -0.2617 0.2792 -0.9239
vn -0.7149 0.5852 -0.3827
vn -0.2961 0.2424 -0.9239
vn -0.7967 0.4679 -0.3827
vn -0.3300 0.1938 -0.9239
vn 0.8391 0.3867 -0.3827
vn 0.3475 0.1602 -0.9239
vn 0.8095 0.4453 -0.3827
vn 0.3353 0.1845 -0.9239
vn -0.8510 0.3596 -0.3827
vn -0.3525 0.1489 -0.9239
vn -0.8865 0.2600 -0.3827
vn -0.3672 0.1077 -0.9239
vn -0.9036 0.1927 -0.3827
vn -0.3743 0.0798 -0.9239
vn -0.9114 0.1514 -0.3827
vn -0.3775 0.0627 -0.9239
vn -0.9169 0.1131 -0.3827
vn -0.3798 0.0469 -0.9239
vn -0.9219 -0.0609 -0.3827
vn -0.3819 -0.0252 -0.9239
vn -0.9208 -0.0758 -0.3827
vn -0.3814 -0.0314 -0.9239
vn -0.9156 -0.1234 -0.3827
vn -0.3793 -0.0511 -0.9239
vn -0.9132 -0.1403 -0.3827
vn -0.3783 -0.0581 -0.9239
vn -0.3599 -0.1301 -0.9239
vn 0.2082 0.9001 -0.3827
vn 0.0862 0.3728 -0.9239
vn -0.0472 0.9227 -0.3827
vn -0.0196 0.3822 -0.9239
vn -0.1535 0.9110 -0.3827
vn -0.0636 0.3774 -0.9239
vn -0.2745 0.8822 -0.3827
vn -0.1137 0.3654 -0.9239
vn -0.4054 0.8302 -0.3827
vn -0.1679 0.3439 -0.9239
vn -0.6572 0.6493 -0.3827
vn -0.2722 0.2689 -0.9239
vn -0.0000 0.9239 -0.3827
vn -0.0000 0.3827 -0.9239
vn -0.7464 0.5445 -0.3827
vn -0.3092 0.2255 -0.9239
vn -0.7957 0.4695 -0.3827
vn -0.3296 0.1945 -0.9239
vn -0.8370 0.3911 -0.3827
vn -0.3467 0.1620 -0.9239
vn -0.8787 0.2853 -0.3827
vn -0.3640 0.1182 -0.9239
vn -0.9057 0.1826 -0.3827
vn -0.3751 0.0756 -0.9239
vn -0.9198 0.0868 -0.3827
vn -0.3810 0.0359 -0.9239
vn -0.9239 0.0027 -0.3827
vn -0.3827 0.0011 -0.9239
vn -0.5370 0.7518 -0.3827
vn -0.2224 0.3114 -0.9239
vn -0.0000 -0.0000 -1.0000
vt 0.925926 0.000000
vt 0.932660 0.000000
vt 0.939394 0.000000
vt 0.912458 0.000000
vt 0.919192 0.000000
vt 0.925926 0.000000
vt 0.030303 0.000000
vt 0.057239 0.000000
vt 0.760943 0.000000
vt 0.764310 0.000000
vt 0.488215 0.000000
vt 0.491581 0.000000
vt 0.494948 0.000000
vt 0.501683 0.000000
vt 0.494948 0.000000
vt 0.491581 0.000000
vt 0.111111 0.000000
vt 0.124579 0.000000
vt 0.124579 0.000000
vt 0.505033 0.000000
vt 0.508395 0.000000
vt 0.511768 0.000000
vt 0.515152 0.000000
vt 0.511770 0.000000
vt 0.508399 0.000000
vt 0.505036 0.000000
vt 0.518487 0.000000
vt 0.521844 0.000000
vt 0.528619 0.000000
vt 0.528620 0.000000
vt 0.521851 0.000000
vt 0.518491 0.000000
vt 0.515151 0.000000
vt 0.962963 0.000000
vt 0.969697 0.000000
vt 0.084175 0.000000
vt 0.097643 0.000000
vt 0.060595 0.000000
vt 0.063959 0.000000
vt 0.070707 0.000000
vt 0.063960 0.000000
vt 0.060596 0.000000
vt 0.777778 0.000000
vt 0.784512 0.000000
vt 0.784512 0.000000
vt 0.680135 0.000000
vt 0.693603 0.000000
vt 0.569024 0.000000
vt 0.572391 0.000000
vt 0.986532 0.000000
vt 0.989899 0.000000
vt 0.986532 0.000000
vt 0.185185 0.000000
vt 0.191919 0.000000
vt 0.191919 0.000000
vt 0.198653 0.000000
vt 0.205387 0.000000
vt 0.205387 0.000000
vt 0.841751 0.000000
vt 0.828283 0.000000
vt 0.713805 0.000000
vt 0.727273 0.000000
vt 0.400673 0.000000
vt 0.407407 0.000000
vt 0.983165 0.000000
vt 0.542088 0.000000
vt 0.882155 0.000000
vt 0.885522 0.000000
vt 0.872054 0.000000
vt 0.875421 0.000000
vt 0.875421 0.000000
vt 0.868687 0.000000
vt 0.872054 0.000000
vt 0.865320 0.000000
vt 0.868687 0.000000
vt 0.861953 0.000000
vt 0.855219 0.000000
vt 0.771044 0.000000
vt 0.707071 0.000000
vt 0.272727 0.000000
vt 0.286195 0.000000
vt 0.272727 0.000000
vt 0.767677 0.000000
vt 0.767677 0.000000
vt 0.993266 0.000000
vt 0.993266 0.000000
vt 0.989899 0.000000
vt 0.976431 0.000000
vt 0.000000 0.000000
vt 0.003367 0.000000
vt 0.791246 0.000000
vt 0.794474 0.000000
vt 0.797811 0.000000
vt 0.801213 0.000000
vt 0.804714 0.000000
vt 0.804714 0.000000
vt 0.801241 0.000000
vt 0.797852 0.000000
vt 0.794501 0.000000
vt 0.468056 0.000000
vt 0.471413 0.000000
vt 0.474747 0.000000
vt 0.471409 0.000000
vt 0.468049 0.000000
vt 0.464675 0.000000
vt 0.461279 0.000000
vt 0.464679 0.000000
vt 0.898990 0.000000
vt 0.905724 0.000000
vt 0.905724 0.000000
vt 0.898990 0.000000
vt 0.154810 0.000000
vt 0.158155 0.000000
vt 0.161545 0.000000
vt 0.164983 0.000000
vt 0.161552 0.000000
vt 0.158167 0.000000
vt 0.154818 0.000000
vt 0.151515 0.000000
vt 0.653231 0.000000
vt 0.656592 0.000000
vt 0.659933 0.000000
vt 0.656591 0.000000
vt 0.653229 0.000000
vt 0.646465 0.000000
vt 0.212121 0.000000
vt 0.807288 0.000000
vt 0.810201 0.000000
vt 0.812760 0.000000
vt 0.820224 0.000000
vt 0.822779 0.000000
vt 0.825695 0.000000
vt 0.825495 0.000000
vt 0.822375 0.000000
vt 0.819647 0.000000
vt 0.813340 0.000000
vt 0.810609 0.000000
vt 0.807490 0.000000
vt 0.771044 0.000000
vt 0.757576 0.000000
vt 0.754209 0.000000
vt 0.750842 0.000000
vt 0.754209 0.000000
vt 0.750842 0.000000
vt 0.747475 0.000000
vt 0.360269 0.000000
vt 0.367003 0.000000
vt 0.367003 0.000000
vt 0.360269 0.000000
vt 0.744108 0.000000
vt 0.729762 0.000000
vt 0.732260 0.000000
vt 0.737374 0.000000
vt 0.737374 0.000000
vt 0.732412 0.000000
vt 0.729854 0.000000
vt 0.393939 0.000000
vt 0.346801 0.000000
vt 0.353535 0.000000
vt 0.346801 0.000000
vt 0.700337 0.000000
vt 0.848485 0.000000
vt 0.289455 0.000000
vt 0.292784 0.000000
vt 0.296138 0.000000
vt 0.299503 0.000000
vt 0.302877 0.000000
vt 0.306260 0.000000
vt 0.309663 0.000000
vt 0.313131 0.000000
vt 0.309687 0.000000
vt 0.306300 0.000000
vt 0.302924 0.000000
vt 0.299553 0.000000
vt 0.296186 0.000000
vt 0.292825 0.000000
vt 0.289478 0.000000
vt 0.632997 0.000000
vt 0.632997 0.000000
vt 0.878788 0.000000
vt 1.000000 0.000000
vt 0.612925 0.000000
vt 0.616247 0.000000
vt 0.619529 0.000000
vt 0.616238 0.000000
vt 0.612903 0.000000
vt 0.609547 0.000000
vt 0.606186 0.000000
vt 0.602822 0.000000
vt 0.599455 0.000000
vt 0.596087 0.000000
vt 0.592718 0.000000
vt 0.589346 0.000000
vt 0.585971 0.000000
vt 0.579207 0.000000
vt 0.579224 0.000000
vt 0.586008 0.000000
vt 0.589388 0.000000
vt 0.592763 0.000000
vt 0.596135 0.000000
vt 0.599503 0.000000
vt 0.602866 0.000000
vt 0.606226 0.000000
vt 0.609580 0.000000
vt 0.138047 0.000000
vt 0.666667 0.000000
vt 0.373737 0.000000
vt 0.259259 0.000000
vt 0.700337 0.000000
vt 0.693603 0.000000
vt 0.178451 0.000000
vt 0.956229 0.000000
vt 0.956229 0.000000
vt 0.111111 0.000000
vt 0.097643 0.000000
vt 0.946128 0.000000
vt 0.946128 0.000000
vt 0.892256 0.000000
vt 0.666667 0.000000
vt 0.855219 0.000000
vt 0.340161 0.000000
vt 0.343521 0.000000
vt 0.343498 0.000000
vt 0.340133 0.000000
vt 0.336759 0.000000
vt 0.333333 0.000000
vt 0.336781 0.000000
vt 0.380471 0.000000
vt 0.383838 0.000000
vt 0.383838 0.000000
vt 0.949495 0.000000
vt 0.218855 0.000000
vt 0.232323 0.000000
vt 0.218855 0.000000
vt 0.387205 0.000000
vt 0.393939 0.000000
vt 0.447811 0.000000
vt 0.377104 0.000000
vt 0.377104 0.000000
vt 0.892256 0.000000
vt 0.329459 0.000000
vt 0.333333 0.000000
vt 0.329619 0.000000
vt 0.325580 0.000000
vt 0.319425 0.000000
vt 0.316186 0.000000
vt 0.316088 0.000000
vt 0.319234 0.000000
vt 0.325187 0.000000
vt 0.488215 0.000000
vt 0.249092 0.000000
vt 0.252442 0.000000
vt 0.255827 0.000000
vt 0.255838 0.000000
vt 0.252459 0.000000
vt 0.249103 0.000000
vt 0.245791 0.000000
vt 0.996633 0.000000
vt 0.996633 0.000000
vt 0.434343 0.000000
vt 0.420875 0.000000
vt 0.420875 0.000000
vt 0.232323 0.000000
vt 0.434343 0.000000
vt 0.414237 0.000000
vt 0.417584 0.000000
vt 0.417571 0.000000
vt 0.414217 0.000000
vt 0.410836 0.000000
vt 0.410849 0.000000
vt 0.976431 0.000000
vt 0.646912 0.000000
vt 0.583273 0.000000
vt 0.979929 0.000000
vt 0.980456 0.000000
vt 0.189750 0.000000
vt 0.030303 0.000000
vt 0.136342 0.000000
vt 0.057239 0.000000
vt 0.135334 0.000000
vt 0.060606 0.000000
vt 0.134691 0.000000
vt 0.063973 0.000000
vt 0.134647 0.000000
vt 0.070706 0.000000
vt 0.138377 0.000000
vt 0.084173 0.000000
vt 0.145357 0.000000
vt 0.097641 0.000000
vt 0.154207 0.000000
vt 0.111108 0.000000
vt 0.163760 0.000000
vt 0.124575 0.000000
vt 0.173843 0.000000
vt 0.138043 0.000000
vt 0.184639 0.000000
vt 0.151513 0.000000
vt 0.187149 0.000000
vt 0.154882 0.000000
vt 0.189743 0.000000
vt 0.158249 0.000000
vt 0.192188 0.000000
vt 0.161616 0.000000
vt 0.194224 0.000000
vt 0.164962 0.000000
vt 0.206121 0.000000
vt 0.178453 0.000000
vt 0.211582 0.000000
vt 0.185186 0.000000
vt 0.217140 0.000000
vt 0.191920 0.000000
vt 0.222827 0.000000
vt 0.198653 0.000000
vt 0.228692 0.000000
vt 0.205387 0.000000
vt 0.234690 0.000000
vt 0.212121 0.000000
vt 0.240582 0.000000
vt 0.218854 0.000000
vt 0.253287 0.000000
vt 0.232319 0.000000
vt 0.266840 0.000000
vt 0.245790 0.000000
vt 0.270189 0.000000
vt 0.249158 0.000000
vt 0.273613 0.000000
vt 0.252525 0.000000
vt 0.276981 0.000000
vt 0.255892 0.000000
vt 0.749199 0.000000
vt 0.748315 0.000000
vt 0.749120 0.000000
vt 0.749117 0.000000
vt 0.748718 0.000000
vt 0.748378 0.000000
vt 0.748421 0.000000
vt 0.748620 0.000000
vt 0.749093 0.000000
vt 0.749591 0.000000
vt 0.751779 0.000000
vt 0.752218 0.000000
vt 0.750681 0.000000
vt 0.318112 0.000000
vt 0.321488 0.000000
vt 0.299663 0.000000
vt 0.296296 0.000000
vt 0.314712 0.000000
vt 0.292929 0.000000
vt 0.747640 0.000000
vt 0.747207 0.000000
vt 0.824916 0.000000
vt 0.746060 0.000000
vt 0.746317 0.000000
vt 0.821549 0.000000
vt 0.818182 0.000000
vt 0.331508 0.000000
vt 0.334808 0.000000
vt 0.313131 0.000000
vt 0.309764 0.000000
vt 0.328187 0.000000
vt 0.306397 0.000000
vt 0.747450 0.000000
vt 0.814815 0.000000
vt 0.338075 0.000000
vt 0.341255 0.000000
vt 0.319861 0.000000
vt 0.316498 0.000000
vt 0.741272 0.000000
vt 0.744589 0.000000
vt 0.811448 0.000000
vt 0.808081 0.000000
vt 0.737746 0.000000
vt 0.734063 0.000000
vt 0.801347 0.000000
vt 0.726236 0.000000
vt 0.730232 0.000000
vt 0.797980 0.000000
vt 0.794613 0.000000
vt 0.721929 0.000000
vt 0.713212 0.000000
vt 0.704097 0.000000
vt 0.690143 0.000000
vt 0.694621 0.000000
vt 0.685900 0.000000
vt 0.681947 0.000000
vt 0.675151 0.000000
vt 0.678356 0.000000
vt 0.672311 0.000000
vt 0.669748 0.000000
vt 0.667153 0.000000
vt 0.662812 0.000000
vt 0.659729 0.000000
vt 0.734007 0.000000
vt 0.657551 0.000000
vt 0.730640 0.000000
vt 0.654788 0.000000
vt 0.643971 0.000000
vt 0.638227 0.000000
vt 0.632578 0.000000
vt 0.626995 0.000000
vt 0.616599 0.000000
vt 0.606312 0.000000
vt 0.601049 0.000000
vt 0.598344 0.000000
vt 0.656566 0.000000
vt 0.595678 0.000000
vt 0.653199 0.000000
vt 0.590348 0.000000
vt 0.579519 0.000000
vt 0.568752 0.000000
vt 0.565923 0.000000
vt 0.616162 0.000000
vt 0.563341 0.000000
vt 0.612795 0.000000
vt 0.560840 0.000000
vt 0.609428 0.000000
vt 0.558365 0.000000
vt 0.606061 0.000000
vt 0.555948 0.000000
vt 0.602694 0.000000
vt 0.553657 0.000000
vt 0.599327 0.000000
vt 0.551590 0.000000
vt 0.595960 0.000000
vt 0.549877 0.000000
vt 0.592593 0.000000
vt 0.548722 0.000000
vt 0.589226 0.000000
vt 0.548449 0.000000
vt 0.585859 0.000000
vt 0.552865 0.000000
vt 0.579125 0.000000
vt 0.548822 0.000000
vt 0.574048 0.000000
vt 0.550394 0.000000
vt 0.568104 0.000000
vt 0.528970 0.000000
vt 0.542085 0.000000
vt 0.517666 0.000000
vt 0.528619 0.000000
vt 0.512119 0.000000
vt 0.521885 0.000000
vt 0.509383 0.000000
vt 0.518518 0.000000
vt 0.503825 0.000000
vt 0.506605 0.000000
vt 0.515151 0.000000
vt 0.511784 0.000000
vt 0.501042 0.000000
vt 0.508417 0.000000
vt 0.498256 0.000000
vt 0.505050 0.000000
vt 0.495515 0.000000
vt 0.489831 0.000000
vt 0.494949 0.000000
vt 0.487083 0.000000
vt 0.491583 0.000000
vt 0.484456 0.000000
vt 0.488216 0.000000
vt 0.470333 0.000000
vt 0.472978 0.000000
vt 0.474748 0.000000
vt 0.471381 0.000000
vt 0.467539 0.000000
vt 0.468014 0.000000
vt 0.464749 0.000000
vt 0.464647 0.000000
vt 0.462099 0.000000
vt 0.461281 0.000000
vt 0.450823 0.000000
vt 0.447815 0.000000
vt 0.439761 0.000000
vt 0.434347 0.000000
vt 0.426107 0.000000
vt 0.428718 0.000000
vt 0.420877 0.000000
vt 0.417509 0.000000
vt 0.423428 0.000000
vt 0.414142 0.000000
vt 0.420836 0.000000
vt 0.410775 0.000000
vt 0.418583 0.000000
vt 0.407423 0.000000
vt 0.411412 0.000000
vt 0.400672 0.000000
vt 0.405177 0.000000
vt 0.393938 0.000000
vt 0.399037 0.000000
vt 0.387205 0.000000
vt 0.396155 0.000000
vt 0.383838 0.000000
vt 0.393209 0.000000
vt 0.390305 0.000000
vt 0.377104 0.000000
vt 0.387436 0.000000
vt 0.373738 0.000000
vt 0.381849 0.000000
vt 0.367005 0.000000
vt 0.376555 0.000000
vt 0.360271 0.000000
vt 0.371241 0.000000
vt 0.353537 0.000000
vt 0.365910 0.000000
vt 0.346802 0.000000
vt 0.363247 0.000000
vt 0.343435 0.000000
vt 0.360395 0.000000
vt 0.340068 0.000000
vt 0.357437 0.000000
vt 0.336700 0.000000
vt 0.354361 0.000000
vt 0.333333 0.000000
vt 0.347156 0.000000
vt 0.326595 0.000000
vt 0.351113 0.000000
vt 0.329967 0.000000
vt 0.324847 0.000000
vt 0.303030 0.000000
vt 0.311268 0.000000
vt 0.289562 0.000000
vt 0.307791 0.000000
vt 0.286194 0.000000
vt 0.293813 0.000000
vt 0.272725 0.000000
vt 0.280168 0.000000
vt 0.259258 0.000000
vt 0.767065 0.000000
vt 0.820093 0.000000
vt 0.862489 0.000000
vt 0.878535 0.000000
vt 0.900696 0.000000
vt 0.917196 0.000000
vt 0.930096 0.000000
vt 0.940108 0.000000
vt 0.936787 0.000000
vt 0.967105 0.000000
vt 0.986539 0.000000
vt 0.975386 0.000000
vt 0.988249 0.000000
vt 0.993258 0.000000
vt 0.989862 0.000000
vt 0.996530 0.000000
vt 0.996665 0.000000
vt 0.744074 0.000000
vt 0.737709 0.000000
vt 0.732818 0.000000
vt 0.737242 0.000000
vt 0.432605 0.000000
vt 0.533703 0.000000
vt 0.986680 0.000000
vt 0.986653 0.000000
vt 0.996654 0.000000
vt 0.996749 0.000000
vt 0.030303 0.000000
vt 0.122367 0.000000
vt 0.057239 0.000000
vt 0.102472 0.000000
vt 0.060606 0.000000
vt 0.103501 0.000000
vt 0.063973 0.000000
vt 0.104835 0.000000
vt 0.070706 0.000000
vt 0.108130 0.000000
vt 0.084174 0.000000
vt 0.116904 0.000000
vt 0.097641 0.000000
vt 0.127252 0.000000
vt 0.111109 0.000000
vt 0.138421 0.000000
vt 0.124577 0.000000
vt 0.149756 0.000000
vt 0.138044 0.000000
vt 0.161267 0.000000
vt 0.151514 0.000000
vt 0.173256 0.000000
vt 0.154882 0.000000
vt 0.176140 0.000000
vt 0.158249 0.000000
vt 0.179044 0.000000
vt 0.161616 0.000000
vt 0.181790 0.000000
vt 0.164969 0.000000
vt 0.184097 0.000000
vt 0.178453 0.000000
vt 0.196720 0.000000
vt 0.185186 0.000000
vt 0.202689 0.000000
vt 0.191919 0.000000
vt 0.208659 0.000000
vt 0.214709 0.000000
vt 0.205387 0.000000
vt 0.220876 0.000000
vt 0.212121 0.000000
vt 0.227128 0.000000
vt 0.218854 0.000000
vt 0.233246 0.000000
vt 0.232321 0.000000
vt 0.246146 0.000000
vt 0.245790 0.000000
vt 0.259715 0.000000
vt 0.249158 0.000000
vt 0.263128 0.000000
vt 0.252525 0.000000
vt 0.266528 0.000000
vt 0.255892 0.000000
vt 0.269884 0.000000
vt 0.259258 0.000000
vt 0.273071 0.000000
vt 0.800617 0.000000
vt 0.798156 0.000000
vt 0.794905 0.000000
vt 0.793427 0.000000
vt 0.795873 0.000000
vt 0.791996 0.000000
vt 0.790729 0.000000
vt 0.789645 0.000000
vt 0.788690 0.000000
vt 0.787534 0.000000
vt 0.786527 0.000000
vt 0.286195 0.000000
vt 0.272725 0.000000
vt 0.300406 0.000000
vt 0.286579 0.000000
vt 0.784454 0.000000
vt 0.780900 0.000000
vt 0.292929 0.000000
vt 0.289562 0.000000
vt 0.307296 0.000000
vt 0.303885 0.000000
vt 0.774314 0.000000
vt 0.773021 0.000000
vt 0.306397 0.000000
vt 0.303030 0.000000
vt 0.320753 0.000000
vt 0.317405 0.000000
vt 0.299663 0.000000
vt 0.314048 0.000000
vt 0.771201 0.000000
vt 0.769985 0.000000
vt 0.319863 0.000000
vt 0.316498 0.000000
vt 0.333955 0.000000
vt 0.330715 0.000000
vt 0.313131 0.000000
vt 0.327411 0.000000
vt 0.326597 0.000000
vt 0.340069 0.000000
vt 0.329967 0.000000
vt 0.343879 0.000000
vt 0.347152 0.000000
vt 0.336700 0.000000
vt 0.350321 0.000000
vt 0.769857 0.000000
vt 0.766968 0.000000
vt 0.763661 0.000000
vt 0.760220 0.000000
vt 0.756676 0.000000
vt 0.753038 0.000000
vt 0.749290 0.000000
vt 0.745262 0.000000
vt 0.737207 0.000000
vt 0.728960 0.000000
vt 0.720529 0.000000
vt 0.716592 0.000000
vt 0.712671 0.000000
vt 0.708914 0.000000
vt 0.705383 0.000000
vt 0.702101 0.000000
vt 0.699055 0.000000
vt 0.696181 0.000000
vt 0.693152 0.000000
vt 0.688060 0.000000
vt 0.684793 0.000000
vt 0.682363 0.000000
vt 0.679276 0.000000
vt 0.667362 0.000000
vt 0.661266 0.000000
vt 0.655115 0.000000
vt 0.648940 0.000000
vt 0.637217 0.000000
vt 0.625712 0.000000
vt 0.619904 0.000000
vt 0.616915 0.000000
vt 0.613946 0.000000
vt 0.607957 0.000000
vt 0.595878 0.000000
vt 0.583884 0.000000
vt 0.580775 0.000000
vt 0.577830 0.000000
vt 0.574913 0.000000
vt 0.571971 0.000000
vt 0.569027 0.000000
vt 0.566128 0.000000
vt 0.563327 0.000000
vt 0.560702 0.000000
vt 0.558379 0.000000
vt 0.556572 0.000000
vt 0.556673 0.000000
vt 0.573493 0.000000
vt 0.556150 0.000000
vt 0.568412 0.000000
vt 0.556549 0.000000
vt 0.542086 0.000000
vt 0.533005 0.000000
vt 0.521886 0.000000
vt 0.515120 0.000000
vt 0.512180 0.000000
vt 0.515151 0.000000
vt 0.509213 0.000000
vt 0.506245 0.000000
vt 0.508417 0.000000
vt 0.505050 0.000000
vt 0.503273 0.000000
vt 0.500300 0.000000
vt 0.501683 0.000000
vt 0.497359 0.000000
vt 0.494950 0.000000
vt 0.491330 0.000000
vt 0.488379 0.000000
vt 0.488216 0.000000
vt 0.485522 0.000000
vt 0.474748 0.000000
vt 0.473376 0.000000
vt 0.471381 0.000000
vt 0.470490 0.000000
vt 0.468014 0.000000
vt 0.464647 0.000000
vt 0.467503 0.000000
vt 0.464521 0.000000
vt 0.461280 0.000000
vt 0.461639 0.000000
vt 0.447814 0.000000
vt 0.449617 0.000000
vt 0.434346 0.000000
vt 0.437726 0.000000
vt 0.420876 0.000000
vt 0.425830 0.000000
vt 0.417509 0.000000
vt 0.422962 0.000000
vt 0.414142 0.000000
vt 0.410775 0.000000
vt 0.420034 0.000000
vt 0.417168 0.000000
vt 0.407418 0.000000
vt 0.414649 0.000000
vt 0.400672 0.000000
vt 0.407527 0.000000
vt 0.393938 0.000000
vt 0.401166 0.000000
vt 0.387205 0.000000
vt 0.394885 0.000000
vt 0.391882 0.000000
vt 0.380471 0.000000
vt 0.388805 0.000000
vt 0.385756 0.000000
vt 0.373738 0.000000
vt 0.382697 0.000000
vt 0.367004 0.000000
vt 0.376700 0.000000
vt 0.360270 0.000000
vt 0.370920 0.000000
vt 0.521049 0.000000
vt 0.353536 0.000000
vt 0.365121 0.000000
vt 0.346802 0.000000
vt 0.359328 0.000000
vt 0.356446 0.000000
vt 0.340067 0.000000
vt 0.353416 0.000000
vt 0.309764 0.000000
vt 0.324089 0.000000
vt 0.296296 0.000000
vt 0.310679 0.000000
vt 0.800978 0.000000
vt 0.800427 0.000000
vt 0.801695 0.000000
vt 0.809533 0.000000
vt 0.993260 0.000000
vt 0.990200 0.000000
vt 0.862773 0.000000
vt 0.830792 0.000000
vt 0.989875 0.000000
vt 0.986537 0.000000
vt 0.980422 0.000000
vt 0.973406 0.000000
vt 0.945074 0.000000
vt 0.890263 0.000000
vt 0.901285 0.000000
vt 0.917901 0.000000
vt 0.931198 0.000000
vt 0.942228 0.000000
vt 0.951147 0.000000
s 0
f 83/57/23 77/58/23 575/58/23 580/57/23
f 77/58/24 539/59/24 1060/59/24 575/58/24
f 89/60/25 86/61/25 583/61/25 586/60/25
f 86/61/26 83/62/26 580/57/26 583/61/26
f 116/63/27 122/64/27 619/64/27 613/63/27
f 335/65/28 331/66/28 829/66/28 833/65/28
f 482/67/29 479/68/29 476/69/29 470/70/29 968/70/29 971/71/29 976/72/29 980/67/29
f 152/73/30 158/74/30 655/75/30 649/73/30
f 470/70/31 467/76/31 464/77/31 461/78/31 455/79/31 953/79/31 958/80/31 962/81/31 964/82/31 968/70/31
f 455/79/32 452/83/32 449/84/32 365/85/32 860/86/32 947/87/32 949/88/32 953/89/32
f 551/90/33 554/91/33 1045/91/33 1048/90/33
f 140/92/34 146/93/34 643/93/34 637/92/34
f 124/94/35 127/95/35 134/96/35 631/96/35 626/97/35 623/98/35 619/64/35 122/64/35
f 320/99/36 317/100/36 815/101/36 818/99/36
f 383/102/37 380/103/37 878/103/37 881/102/37
f 419/104/38 446/105/38 944/105/38 917/104/38
f 563/106/39 568/107/39 1063/107/39 1067/108/39
f 161/109/40 155/110/40 652/111/40 658/109/40
f 149/112/41 143/113/41 640/114/41 646/112/41
f 230/115/42 725/115/42 739/116/42 244/116/42
f 371/117/43 368/118/43 866/118/43 869/117/43
f 521/119/44 536/120/44 1034/120/44 1019/119/44
f 560/121/45 563/106/45 1067/106/45 1037/121/45
f 386/122/46 419/104/46 917/104/46 884/122/46
f 193/123/47 187/124/47 685/124/47 691/123/47
f 202/125/48 200/126/48 698/127/48 701/125/48
f 205/128/49 202/129/49 701/125/49 703/128/49
f 209/130/50 205/131/50 703/131/50 707/130/50
f 212/132/51 209/130/51 707/130/51 710/132/51
f 218/133/52 212/132/52 710/132/52 716/133/52
f 323/134/53 320/99/53 818/99/53 824/134/53
f 374/135/54 371/117/54 869/117/54 872/135/54
f 215/136/55 224/137/55 721/137/55 713/138/55
f 331/66/56 328/139/56 827/140/56 829/66/56
f 568/107/57 566/141/57 1040/142/57 1063/143/57
f 557/144/58 560/121/58 1037/121/58 1042/144/58
f 73/145/45 101/146/45 598/146/45 572/145/45
f 311/147/59 308/148/59 301/149/59 299/150/59 292/151/59 790/152/59 796/153/59 799/154/59 805/155/59 809/147/59
f 500/156/60 494/157/60 488/158/60 989/158/60 991/159/60 995/160/60 1000/161/60 1004/162/60 506/162/60 503/163/60
f 95/164/61 92/165/61 589/166/61 592/167/61
f 172/168/62 175/169/62 178/170/62 182/171/62 679/171/62 677/172/62 674/173/62 671/174/62 667/175/62 170/175/62
f 398/176/63 395/177/63 391/178/63 890/178/63 892/179/63 895/180/63 899/181/63 401/181/63
f 143/114/64 137/182/64 634/182/64 640/114/64
f 134/96/65 140/92/65 637/92/65 631/96/65
f 292/152/66 290/183/66 283/184/66 269/185/66 260/186/66 253/187/66 251/188/66 244/116/66 739/116/66 745/189/66 754/190/66 760/191/66 785/192/66 781/193/66 787/194/66 790/152/66
f 328/140/67 323/195/67 824/134/67 827/140/67
f 338/196/68 335/65/68 833/65/68 836/196/68
f 340/197/69 338/196/69 836/196/69 839/197/69
f 343/198/70 340/199/70 839/197/70 841/200/70
f 350/201/71 343/200/71 841/198/71 848/201/71
f 347/202/72 458/203/72 956/204/72 845/205/72
f 353/206/73 350/201/73 848/201/73 851/206/73
f 368/118/74 362/207/74 359/208/74 355/209/74 853/210/74 856/211/74 862/212/74 866/118/74
f 515/213/75 521/119/75 1019/119/75 1013/213/75
f 314/214/76 326/215/76 821/215/76 812/216/76
f 377/217/77 374/135/77 872/135/77 875/217/77
f 230/115/78 221/218/78 719/218/78 725/115/78
f 224/137/79 227/219/79 233/220/79 239/221/79 235/222/79 242/223/79 248/224/79 263/225/79 257/226/79 758/226/79 751/227/79 743/228/79 748/229/79 736/230/79 733/231/79 728/232/79 730/233/79 721/137/79
f 92/166/80 89/60/80 586/60/80 589/166/80
f 401/181/81 899/181/81 902/234/81 404/235/81
f 200/127/82 197/236/82 695/236/82 698/127/82
f 104/237/39 73/145/39 572/145/39 602/237/39
f 326/215/83 347/202/83 845/202/83 821/215/83
f 413/238/84 410/239/84 406/240/84 905/240/84 907/241/84 910/242/84 913/243/84 919/244/84 922/245/84 925/246/84 928/247/84 931/248/84 934/249/84 937/250/84 940/251/84 944/105/84 446/105/84 443/252/84 440/253/84 437/254/84 434/255/84 431/256/84 428/257/84 425/258/84 422/259/84 416/260/84
f 164/261/85 170/175/85 667/175/85 661/261/85
f 389/262/86 383/102/86 881/102/86 887/262/86
f 458/204/87 473/263/87 974/263/87 956/204/87
f 190/264/88 215/138/88 713/136/88 682/264/88
f 197/236/89 193/123/89 691/123/89 695/236/89
f 380/103/90 377/265/90 875/217/90 878/266/90
f 167/267/91 161/109/91 658/109/91 664/267/91
f 548/268/92 551/90/92 1048/90/92 1051/269/92
f 146/93/93 152/270/93 649/73/93 643/271/93
f 539/59/94 542/272/94 1057/273/94 1060/59/94
f 185/274/95 95/164/95 592/164/95 689/274/95
f 317/101/96 311/147/96 809/147/96 815/101/96
f 391/178/97 389/275/97 887/262/97 890/178/97
f 355/210/98 353/206/98 851/206/98 853/210/98
f 221/218/99 218/276/99 716/133/99 719/218/99
f 296/277/100 305/278/100 314/214/100 812/214/100 802/279/100 793/280/100 779/281/100 775/282/100 266/282/100 287/283/100
f 490/284/101 497/285/101 998/286/101 986/284/101
f 155/111/102 149/112/102 646/112/102 652/111/102
f 545/287/103 548/268/103 1051/268/103 1054/287/103
f 131/288/104 119/289/104 616/289/104 628/288/104
f 137/182/105 131/290/105 628/288/105 634/182/105
f 508/291/106 515/292/106 1013/213/106 1007/291/106
f 506/162/107 1004/162/107 1010/293/107 512/293/107
f 497/286/108 508/291/108 1007/291/108 998/286/108
f 484/294/109 490/284/109 986/284/109 983/295/109
f 187/124/110 185/296/110 689/274/110 685/124/110
f 271/297/111 266/298/111 775/282/111 773/299/111 770/300/111 767/301/111 763/302/111 758/226/111 257/226/111 281/303/111 277/304/111 274/305/111
f 482/306/112 980/67/112 989/158/112 488/158/112
f 109/307/113 106/308/113 97/309/113 190/264/113 682/264/113 596/310/113 605/311/113 608/312/113 610/313/113 113/313/113
f 182/171/114 167/267/114 664/267/114 679/171/114
f 158/75/115 164/261/115 661/261/115 655/75/115
f 404/234/116 902/234/116 905/240/116 406/240/116
f 101/146/117 116/63/117 613/63/117 598/146/117
f 365/86/118 386/122/118 884/122/118 860/86/118
f 80/314/45 104/237/45 602/237/45 578/314/45
f 566/142/119 80/315/119 578/314/119 1040/142/119
f 473/263/120 484/295/120 983/294/120 974/263/120
f 518/316/121 1016/316/121 1022/317/121 524/318/121
f 542/273/122 545/287/122 1054/287/122 1057/273/122
f 119/289/123 113/313/123 610/313/123 616/319/123
f 512/293/124 1010/293/124 1016/320/124 518/320/124
f 530/321/125 527/322/125 524/318/125 1022/318/125 1024/323/125 1028/324/125 1030/325/125 1034/120/125 536/120/125 533/326/125
f 554/91/126 557/327/126 1042/144/126 1045/91/126
f 74/328/127 100/329/127 102/146/127 75/145/127
f 75/145/128 102/146/128 101/146/128 73/145/128
f 73/145/129 104/237/129 105/330/129 75/145/129
f 75/145/130 105/330/130 103/331/130 74/328/130
f 100/329/131 115/332/131 117/333/131 102/146/131
f 102/146/132 117/333/132 116/63/132 101/146/132
f 115/332/133 121/334/133 123/335/133 117/333/133
f 117/333/134 123/335/134 122/64/134 116/63/134
f 121/334/135 125/336/135 126/337/135 123/335/135
f 123/335/136 126/337/136 124/94/136 122/64/136
f 125/336/137 128/338/137 129/339/137 126/337/137
f 126/337/138 129/339/138 127/95/138 124/94/138
f 128/338/139 133/340/139 135/341/139 129/339/139
f 129/339/140 135/341/140 134/96/140 127/95/140
f 133/340/141 139/342/141 141/343/141 135/341/141
f 135/341/142 141/343/142 140/92/142 134/96/142
f 139/342/143 145/344/143 147/345/143 141/343/143
f 141/343/144 147/345/144 146/93/144 140/92/144
f 145/344/145 151/346/145 153/347/145 147/345/145
f 147/345/146 153/347/146 152/270/146 146/93/146
f 151/346/147 157/348/147 159/349/147 153/347/147
f 153/347/148 159/349/148 158/74/148 152/73/148
f 157/348/149 163/350/149 165/351/149 159/349/149
f 159/349/150 165/351/150 164/261/150 158/75/150
f 163/350/151 169/352/151 171/353/151 165/351/151
f 165/351/152 171/353/152 170/175/152 164/261/152
f 169/352/153 173/354/153 174/355/153 171/353/153
f 171/353/154 174/355/154 172/168/154 170/175/154
f 173/354/155 176/356/155 177/357/155 174/355/155
f 174/355/156 177/357/156 175/169/156 172/168/156
f 176/356/157 179/358/157 180/359/157 177/357/157
f 177/357/158 180/359/158 178/170/158 175/169/158
f 179/358/159 181/360/159 183/361/159 180/359/159
f 180/359/160 183/361/160 182/171/160 178/170/160
f 181/360/161 166/362/161 168/363/161 183/361/161
f 183/361/162 168/363/162 167/267/162 182/171/162
f 166/362/163 160/364/163 162/365/163 168/363/163
f 168/363/164 162/365/164 161/109/164 167/267/164
f 160/364/165 154/366/165 156/367/165 162/365/165
f 162/365/166 156/367/166 155/110/166 161/109/166
f 154/366/167 148/368/167 150/369/167 156/367/167
f 156/367/168 150/369/168 149/112/168 155/111/168
f 148/368/169 142/370/169 144/371/169 150/369/169
f 150/369/170 144/371/170 143/113/170 149/112/170
f 142/370/171 136/372/171 138/373/171 144/371/171
f 144/371/172 138/373/172 137/182/172 143/114/172
f 136/372/173 130/374/173 132/375/173 138/373/173
f 138/373/174 132/375/174 131/290/174 137/182/174
f 130/374/175 118/376/175 120/377/175 132/375/175
f 132/375/176 120/377/176 119/289/176 131/288/176
f 118/376/177 112/378/177 114/379/177 120/377/177
f 120/377/178 114/379/178 113/313/178 119/289/178
f 112/378/179 110/380/179 111/381/179 114/379/179
f 114/379/180 111/381/180 109/307/180 113/313/180
f 110/380/181 107/382/181 108/383/181 111/381/181
f 111/381/182 108/383/182 106/308/182 109/307/182
f 107/382/183 98/384/183 99/385/183 108/383/183
f 108/383/184 99/385/184 97/309/184 106/308/184
f 184/386/185 94/387/185 96/164/185 186/274/185
f 186/274/186 96/164/186 95/164/186 185/274/186
f 188/388/187 184/386/187 186/274/187 189/124/187
f 189/124/188 186/274/188 185/296/188 187/124/188
f 194/389/189 188/388/189 189/124/189 195/123/189
f 195/123/190 189/124/190 187/124/190 193/123/190
f 196/390/191 194/389/191 195/123/191 198/236/191
f 198/236/192 195/123/192 193/123/192 197/236/192
f 203/391/193 199/392/193 201/127/193 204/125/193
f 204/125/194 201/127/194 200/126/194 202/125/194
f 199/392/195 196/390/195 198/236/195 201/127/195
f 201/127/196 198/236/196 197/236/196 200/127/196
f 206/393/197 203/391/197 204/125/197 207/131/197
f 207/131/198 204/125/198 202/129/198 205/128/198
f 208/394/199 206/393/199 207/131/199 210/130/199
f 210/130/200 207/131/200 205/131/200 209/130/200
f 211/395/201 208/394/201 210/130/201 213/132/201
f 213/132/202 210/130/202 209/130/202 212/132/202
f 217/396/203 211/395/203 213/132/203 219/133/203
f 219/133/204 213/132/204 212/132/204 218/133/204
f 220/397/205 217/396/205 219/133/205 222/218/205
f 222/218/206 219/133/206 218/276/206 221/218/206
f 229/398/207 220/397/207 222/218/207 231/115/207
f 231/115/208 222/218/208 221/218/208 230/115/208
f 238/399/209 236/400/209 237/401/209 240/402/209
f 240/402/210 237/401/210 235/222/210 239/221/210
f 232/403/211 238/399/211 240/402/211 234/404/211
f 234/404/212 240/402/212 239/221/212 233/220/212
f 245/405/213 229/398/213 231/115/213 246/116/213
f 246/116/214 231/115/214 230/115/214 244/116/214
f 250/406/215 245/405/215 246/116/215 252/407/215
f 252/407/216 246/116/216 244/116/216 251/188/216
f 259/408/217 254/409/217 255/410/217 261/411/217
f 261/411/218 255/410/218 253/187/218 260/186/218
f 254/409/219 250/406/219 252/407/219 255/410/219
f 255/410/220 252/407/220 251/188/220 253/187/220
f 262/412/221 256/413/221 258/414/221 264/415/221
f 264/415/222 258/414/222 257/226/222 263/225/222
f 247/416/223 262/412/223 264/415/223 249/417/223
f 249/417/224 264/415/224 263/225/224 248/224/224
f 268/418/225 259/408/225 261/411/225 270/419/225
f 270/419/226 261/411/226 260/186/226 269/185/226
f 280/420/227 278/421/227 279/422/227 282/423/227
f 282/423/228 279/422/228 277/304/228 281/303/228
f 256/413/229 280/420/229 282/423/229 258/414/229
f 258/414/230 282/423/230 281/303/230 257/226/230
f 289/424/231 284/425/231 285/426/231 291/427/231
f 291/427/232 285/426/232 283/184/232 290/183/232
f 284/425/233 268/418/233 270/419/233 285/426/233
f 285/426/234 270/419/234 269/185/234 283/184/234
f 293/428/235 289/424/235 291/427/235 294/152/235
f 294/152/236 291/427/236 290/183/236 292/152/236
f 298/429/237 293/428/237 294/152/237 300/430/237
f 300/430/238 294/152/238 292/151/238 299/150/238
f 307/431/239 302/432/239 303/433/239 309/434/239
f 309/434/240 303/433/240 301/149/240 308/148/240
f 302/432/241 298/429/241 300/430/241 303/433/241
f 303/433/242 300/430/242 299/150/242 301/149/242
f 310/435/243 307/431/243 309/434/243 312/147/243
f 312/147/244 309/434/244 308/148/244 311/147/244
f 316/436/245 310/435/245 312/147/245 318/101/245
f 318/101/246 312/147/246 311/147/246 317/101/246
f 319/437/247 316/436/247 318/101/247 321/99/247
f 321/99/248 318/101/248 317/100/248 320/99/248
f 329/438/249 322/439/249 324/134/249 330/140/249
f 330/140/250 324/134/250 323/195/250 328/140/250
f 322/439/251 319/437/251 321/99/251 324/134/251
f 324/134/252 321/99/252 320/99/252 323/134/252
f 332/440/253 329/438/253 330/140/253 333/66/253
f 333/66/254 330/140/254 328/139/254 331/66/254
f 334/441/255 332/440/255 333/66/255 336/65/255
f 336/65/256 333/66/256 331/66/256 335/65/256
f 341/442/257 337/443/257 339/196/257 342/197/257
f 342/197/258 339/196/258 338/196/258 340/197/258
f 337/443/259 334/441/259 336/65/259 339/196/259
f 339/196/260 336/65/260 335/65/260 338/196/260
f 344/444/261 341/442/261 342/197/261 345/198/261
f 345/198/262 342/197/262 340/199/262 343/198/262
f 349/445/263 344/444/263 345/198/263 351/201/263
f 351/201/264 345/198/264 343/200/264 350/201/264
f 352/446/265 349/445/265 351/201/265 354/206/265
f 354/206/266 351/201/266 350/201/266 353/206/266
f 356/447/267 352/446/267 354/206/267 357/210/267
f 357/210/268 354/206/268 353/206/268 355/210/268
f 358/448/269 356/447/269 357/210/269 360/449/269
f 360/449/270 357/210/270 355/209/270 359/208/270
f 361/450/271 358/448/271 360/449/271 363/451/271
f 363/451/272 360/449/272 359/208/272 362/207/272
f 367/452/273 361/450/273 363/451/273 369/118/273
f 369/118/274 363/451/274 362/207/274 368/118/274
f 370/453/275 367/452/275 369/118/275 372/117/275
f 372/117/276 369/118/276 368/118/276 371/117/276
f 373/454/277 370/453/277 372/117/277 375/135/277
f 375/135/278 372/117/278 371/117/278 374/135/278
f 376/455/279 373/454/279 375/135/279 378/217/279
f 378/217/280 375/135/280 374/135/280 377/217/280
f 379/456/281 376/455/281 378/217/281 381/103/281
f 381/103/282 378/217/282 377/265/282 380/103/282
f 382/457/283 379/456/283 381/103/283 384/102/283
f 384/102/284 381/103/284 380/103/284 383/102/284
f 388/458/285 382/457/285 384/102/285 390/262/285
f 390/262/286 384/102/286 383/102/286 389/262/286
f 392/459/287 388/458/287 390/262/287 393/178/287
f 393/178/288 390/262/288 389/275/288 391/178/288
f 394/460/289 392/459/289 393/178/289 396/461/289
f 396/461/290 393/178/290 391/178/290 395/177/290
f 397/462/291 394/460/291 396/461/291 399/463/291
f 399/463/292 396/461/292 395/177/292 398/176/292
f 400/464/293 397/462/293 399/463/293 402/181/293
f 402/181/294 399/463/294 398/176/294 401/181/294
f 403/465/295 400/464/295 402/181/295 405/235/295
f 405/235/296 402/181/296 401/181/296 404/235/296
f 407/466/297 403/465/297 405/235/297 408/240/297
f 408/240/298 405/235/298 404/234/298 406/240/298
f 409/467/299 407/466/299 408/240/299 411/468/299
f 411/468/300 408/240/300 406/240/300 410/239/300
f 412/469/301 409/467/301 411/468/301 414/470/301
f 414/470/302 411/468/302 410/239/302 413/238/302
f 415/471/303 412/469/303 414/470/303 417/472/303
f 417/472/304 414/470/304 413/238/304 416/260/304
f 421/473/305 415/471/305 417/472/305 423/474/305
f 423/474/306 417/472/306 416/260/306 422/259/306
f 424/475/307 421/473/307 423/474/307 426/476/307
f 426/476/308 423/474/308 422/259/308 425/258/308
f 427/477/309 424/475/309 426/476/309 429/478/309
f 429/478/310 426/476/310 425/258/310 428/257/310
f 430/479/311 427/477/311 429/478/311 432/480/311
f 432/480/312 429/478/312 428/257/312 431/256/312
f 433/481/313 430/479/313 432/480/313 435/482/313
f 435/482/314 432/480/314 431/256/314 434/255/314
f 436/483/315 433/481/315 435/482/315 438/484/315
f 438/484/316 435/482/316 434/255/316 437/254/316
f 439/485/317 436/483/317 438/484/317 441/486/317
f 441/486/318 438/484/318 437/254/318 440/253/318
f 442/487/319 439/485/319 441/486/319 444/488/319
f 444/488/320 441/486/320 440/253/320 443/252/320
f 445/489/321 442/487/321 444/488/321 447/490/321
f 447/490/322 444/488/322 443/252/322 446/105/322
f 418/491/323 445/489/323 447/490/323 420/492/323
f 420/492/324 447/490/324 446/105/324 419/104/324
f 385/493/325 418/491/325 420/492/325 387/494/325
f 387/494/326 420/492/326 419/104/326 386/122/326
f 364/495/327 385/493/327 387/494/327 366/496/327
f 366/496/328 387/494/328 386/122/328 365/86/328
f 448/497/329 364/495/329 366/496/329 450/498/329
f 450/498/330 366/496/330 365/85/330 449/84/330
f 451/499/331 448/497/331 450/498/331 453/500/331
f 453/500/332 450/498/332 449/84/332 452/83/332
f 460/501/333 454/502/333 456/503/333 462/504/333
f 462/504/334 456/503/334 455/79/334 461/78/334
f 454/502/335 451/499/335 453/500/335 456/503/335
f 456/503/336 453/500/336 452/83/336 455/79/336
f 463/505/337 460/501/337 462/504/337 465/506/337
f 465/506/338 462/504/338 461/78/338 464/77/338
f 466/507/339 463/505/339 465/506/339 468/508/339
f 468/508/340 465/506/340 464/77/340 467/76/340
f 469/509/341 466/507/341 468/508/341 471/70/341
f 471/70/342 468/508/342 467/76/342 470/70/342
f 475/510/343 469/509/343 471/70/343 477/511/343
f 477/511/344 471/70/344 470/70/344 476/69/344
f 478/512/345 475/510/345 477/511/345 480/513/345
f 480/513/346 477/511/346 476/69/346 479/68/346
f 481/514/347 478/512/347 480/513/347 483/515/347
f 483/515/348 480/513/348 479/68/348 482/67/348
f 493/516/349 487/517/349 489/518/349 495/519/349
f 495/519/350 489/518/350 488/158/350 494/157/350
f 487/517/351 481/514/351 483/515/351 489/518/351
f 489/518/352 483/515/352 482/306/352 488/158/352
f 499/520/353 493/516/353 495/519/353 501/521/353
f 501/521/354 495/519/354 494/157/354 500/156/354
f 502/522/355 499/520/355 501/521/355 504/523/355
f 504/523/356 501/521/356 500/156/356 503/163/356
f 505/524/357 502/522/357 504/523/357 507/525/357
f 507/525/358 504/523/358 503/163/358 506/162/358
f 511/526/359 505/524/359 507/525/359 513/527/359
f 513/527/360 507/525/360 506/162/360 512/293/360
f 517/528/361 511/526/361 513/527/361 519/529/361
f 519/529/362 513/527/362 512/293/362 518/320/362
f 526/530/363 523/531/363 525/532/363 528/533/363
f 528/533/364 525/532/364 524/318/364 527/322/364
f 523/531/365 517/528/365 519/529/365 525/532/365
f 525/532/366 519/529/366 518/316/366 524/318/366
f 529/534/367 526/530/367 528/533/367 531/535/367
f 531/535/368 528/533/368 527/322/368 530/321/368
f 532/536/369 529/534/369 531/535/369 534/537/369
f 534/537/370 531/535/370 530/321/370 533/326/370
f 535/538/371 532/536/371 534/537/371 537/539/371
f 537/539/372 534/537/372 533/326/372 536/120/372
f 520/540/373 535/538/373 537/539/373 522/541/373
f 522/541/374 537/539/374 536/120/374 521/119/374
f 514/542/375 520/540/375 522/541/375 516/543/375
f 516/543/376 522/541/376 521/119/376 515/213/376
f 509/544/377 514/542/377 516/543/377 510/545/377
f 510/545/378 516/543/378 515/292/378 508/291/378
f 496/546/379 509/544/379 510/545/379 498/547/379
f 498/547/380 510/545/380 508/291/380 497/286/380
f 491/548/381 496/546/381 498/547/381 492/284/381
f 492/284/382 498/547/382 497/285/382 490/284/382
f 485/549/383 491/548/383 492/284/383 486/550/383
f 486/550/384 492/284/384 490/284/384 484/294/384
f 472/551/385 485/549/385 486/550/385 474/552/385
f 474/552/386 486/550/386 484/295/386 473/263/386
f 457/553/387 472/551/387 474/552/387 459/554/387
f 459/554/388 474/552/388 473/263/388 458/204/388
f 346/555/389 457/553/389 459/554/389 348/556/389
f 348/556/390 459/554/390 458/203/390 347/202/390
f 325/557/391 346/555/391 348/556/391 327/558/391
f 327/558/392 348/556/392 347/202/392 326/215/392
f 313/559/393 325/557/393 327/558/393 315/560/393
f 315/560/394 327/558/394 326/215/394 314/214/394
f 304/561/395 313/559/395 315/560/395 306/562/395
f 306/562/396 315/560/396 314/214/396 305/278/396
f 295/563/397 304/561/397 306/562/397 297/564/397
f 297/564/398 306/562/398 305/278/398 296/277/398
f 286/565/399 295/563/399 297/564/399 288/566/399
f 288/566/400 297/564/400 296/277/400 287/283/400
f 265/567/401 286/565/401 288/566/401 267/568/401
f 267/568/402 288/566/402 287/283/402 266/282/402
f 278/421/403 275/569/403 276/570/403 279/422/403
f 279/422/404 276/570/404 274/305/404 277/304/404
f 275/569/405 272/571/405 273/572/405 276/570/405
f 276/570/406 273/572/406 271/297/406 274/305/406
f 272/571/407 265/567/407 267/568/407 273/572/407
f 273/572/408 267/568/408 266/298/408 271/297/408
f 241/573/409 247/416/409 249/417/409 243/574/409
f 243/574/410 249/417/410 248/224/410 242/223/410
f 236/400/411 241/573/411 243/574/411 237/401/411
f 237/401/412 243/574/412 242/223/412 235/222/412
f 226/575/413 232/403/413 234/404/413 228/576/413
f 228/576/414 234/404/414 233/220/414 227/219/414
f 223/577/415 226/575/415 228/576/415 225/578/415
f 225/578/416 228/576/416 227/219/416 224/137/416
f 214/579/417 223/577/417 225/578/417 216/580/417
f 216/580/418 225/578/418 224/137/418 215/136/418
f 191/581/303 214/579/303 216/580/303 192/582/303
f 192/582/304 216/580/304 215/138/304 190/264/304
f 98/384/419 191/581/419 192/582/419 99/385/419
f 99/385/420 192/582/420 190/264/420 97/309/420
f 76/583/421 538/584/421 540/59/421 78/58/421
f 78/58/422 540/59/422 539/59/422 77/58/422
f 538/584/423 541/585/423 543/273/423 540/59/423
f 540/59/424 543/273/424 542/272/424 539/59/424
f 541/585/425 544/586/425 546/287/425 543/273/425
f 543/273/426 546/287/426 545/287/426 542/273/426
f 544/586/427 547/587/427 549/268/427 546/287/427
f 546/287/428 549/268/428 548/268/428 545/287/428
f 547/587/429 550/588/429 552/90/429 549/268/429
f 549/268/430 552/90/430 551/90/430 548/268/430
f 550/588/431 553/589/431 555/91/431 552/90/431
f 552/90/432 555/91/432 554/91/432 551/90/432
f 553/589/433 556/590/433 558/144/433 555/91/433
f 555/91/434 558/144/434 557/327/434 554/91/434
f 556/590/435 559/591/435 561/121/435 558/144/435
f 558/144/436 561/121/436 560/121/436 557/144/436
f 559/591/127 562/592/127 564/593/127 561/121/127
f 561/121/128 564/593/128 563/106/128 560/121/128
f 569/594/437 565/595/437 567/596/437 570/597/437
f 570/597/438 567/596/438 566/141/438 568/107/438
f 565/595/225 79/598/225 81/599/225 567/596/225
f 567/596/226 81/599/226 80/315/226 566/142/226
f 562/592/130 569/594/130 570/597/130 564/593/130
f 564/593/129 570/597/129 568/107/129 563/106/129
f 79/598/127 103/331/127 105/330/127 81/599/127
f 81/599/128 105/330/128 104/237/128 80/314/128
f 94/387/439 91/600/439 93/166/439 96/164/439
f 96/164/440 93/166/440 92/165/440 95/164/440
f 91/600/441 88/601/441 90/60/441 93/166/441
f 93/166/442 90/60/442 89/60/442 92/166/442
f 88/601/443 85/602/443 87/61/443 90/60/443
f 90/60/444 87/61/444 86/61/444 89/60/444
f 85/602/445 82/603/445 84/57/445 87/61/445
f 87/61/446 84/57/446 83/62/446 86/61/446
f 82/603/447 76/583/447 78/58/447 84/57/447
f 84/57/448 78/58/448 77/58/448 83/57/448
f 439/485/449 442/487/449 445/489/449 418/491/449 385/493/449 364/495/449 448/497/449 451/499/449 454/502/449 460/501/449 463/505/449 466/507/449 469/509/449 475/510/449 478/512/449 481/514/449 487/517/449 493/516/449 499/520/449 502/522/449 505/524/449 511/526/449 517/528/449 523/531/449 526/530/449 529/534/449 532/536/449 535/538/449 520/540/449 514/542/449 509/544/449 496/546/449 491/548/449 485/549/449 472/551/449 457/553/449 346/555/449 325/557/449 313/559/449 304/561/449 295/563/449 286/565/449 265/567/449 272/571/449 275/569/449 278/421/449 280/420/449 256/413/449 262/412/449 247/416/449 241/573/449 236/400/449 238/399/449 232/403/449 226/575/449 223/577/449 214/579/449 191/581/449 98/384/449 107/382/449 110/380/449 112/378/449 118/376/449 130/374/449 136/372/449 142/370/449 148/368/449 154/366/449 160/364/449 166/362/449 181/360/449 179/358/449 176/356/449 173/354/449 169/352/449 163/350/449 157/348/449 151/346/449 145/344/449 139/342/449 133/340/449 128/338/449 125/336/449 121/334/449 115/332/449 100/329/449 74/328/449 103/331/449 79/598/449 565/595/449 569/594/449 562/592/449 559/591/449 556/590/449 553/589/449 550/588/449 547/587/449 544/586/449 541/585/449 538/584/449 76/583/449 82/603/449 85/602/449 88/601/449 91/600/449 94/387/449 184/386/449 188/388/449 194/389/449 196/390/449 199/392/449 203/391/449 206/393/449 208/394/449 211/395/449 217/396/449 220/397/449 229/398/449 245/405/449 250/406/449 254/409/449 259/408/449 268/418/449 284/425/449 289/424/449 293/428/449 298/429/449 302/432/449 307/431/449 310/435/449 316/436/449 319/437/449 322/439/449 329/438/449 332/440/449 334/441/449 337/443/449 341/442/449 344/444/449 349/445/449 352/446/449 356/447/449 358/448/449 361/450/449 367/452/449 370/453/449 373/454/449 376/455/449 379/456/449 382/457/449 388/458/449 392/459/449 394/460/449 397/462/449 400/464/449 403/465/449 407/466/449 409/467/449 412/469/449 415/471/449 421/473/449 424/475/449 427/477/449 430/479/449 433/481/449 436/483/449
f 572/145/450 598/146/450 600/146/450 573/145/450
f 573/145/451 600/146/451 599/604/451 571/605/451
f 571/605/452 601/606/452 603/607/452 573/145/452
f 573/145/453 603/607/453 602/237/453 572/145/453
f 578/314/450 602/237/450 603/607/450 579/608/450
f 579/608/451 603/607/451 601/606/451 577/609/451
f 598/146/454 613/63/454 615/610/454 600/146/454
f 600/146/455 615/610/455 614/611/455 599/604/455
f 613/63/456 619/64/456 621/612/456 615/610/456
f 615/610/457 621/612/457 620/613/457 614/611/457
f 619/64/458 623/98/458 624/614/458 621/612/458
f 621/612/459 624/614/459 622/615/459 620/613/459
f 623/98/460 626/97/460 627/616/460 624/614/460
f 624/614/461 627/616/461 625/617/461 622/615/461
f 626/97/462 631/96/462 633/618/462 627/616/462
f 627/616/463 633/618/463 632/619/463 625/617/463
f 631/96/464 637/92/464 639/620/464 633/618/464
f 633/618/465 639/620/465 638/621/465 632/619/465
f 637/92/466 643/93/466 645/622/466 639/620/466
f 639/620/467 645/622/467 644/623/467 638/621/467
f 643/271/468 649/73/468 651/624/468 645/622/468
f 645/622/469 651/624/469 650/625/469 644/623/469
f 649/73/470 655/75/470 657/626/470 651/624/470
f 651/624/471 657/626/471 656/627/471 650/625/471
f 655/75/472 661/261/472 663/628/472 657/626/472
f 657/626/473 663/628/473 662/629/473 656/627/473
f 661/261/474 667/175/474 669/630/474 663/628/474
f 663/628/475 669/630/475 668/631/475 662/629/475
f 667/175/476 671/174/476 672/632/476 669/630/476
f 669/630/477 672/632/477 670/633/477 668/631/477
f 671/174/478 674/173/478 675/634/478 672/632/478
f 672/632/479 675/634/479 673/635/479 670/633/479
f 674/173/480 677/172/480 678/636/480 675/634/480
f 675/634/481 678/636/481 676/637/481 673/635/481
f 677/172/482 679/171/482 681/638/482 678/636/482
f 678/636/483 681/638/483 680/639/483 676/637/483
f 679/171/484 664/267/484 666/640/484 681/638/484
f 681/638/485 666/640/485 665/641/485 680/639/485
f 664/267/486 658/109/486 660/642/486 666/640/486
f 666/640/487 660/642/487 659/643/487 665/641/487
f 658/109/488 652/111/488 654/644/488 660/642/488
f 660/642/489 654/644/489 653/645/489 659/643/489
f 652/111/490 646/112/490 648/112/490 654/644/490
f 654/644/491 648/112/491 647/646/491 653/645/491
f 646/112/492 640/114/492 642/647/492 648/112/492
f 648/112/493 642/647/493 641/648/493 647/646/493
f 640/114/494 634/182/494 636/649/494 642/647/494
f 642/647/495 636/649/495 635/650/495 641/648/495
f 634/182/496 628/288/496 630/651/496 636/649/496
f 636/649/497 630/651/497 629/652/497 635/650/497
f 628/288/498 616/289/498 618/653/498 630/651/498
f 630/651/499 618/653/499 617/654/499 629/652/499
f 616/319/500 610/313/500 612/655/500 618/653/500
f 618/653/501 612/655/501 611/656/501 617/654/501
f 610/313/502 608/312/502 609/657/502 612/655/502
f 612/655/503 609/657/503 607/658/503 611/656/503
f 608/312/504 605/311/504 606/659/504 609/657/504
f 609/657/505 606/659/505 604/660/505 607/658/505
f 605/311/506 596/310/506 597/661/506 606/659/506
f 606/659/507 597/661/507 595/662/507 604/660/507
f 596/310/508 682/264/508 684/663/508 597/661/508
f 597/661/509 684/663/509 683/664/509 595/662/509
f 689/274/510 592/164/510 594/164/510 690/274/510
f 690/274/511 594/164/511 593/665/511 688/666/511
f 695/236/512 691/123/512 693/123/512 696/236/512
f 696/236/513 693/123/513 692/667/513 694/668/513
f 691/123/514 685/124/514 687/124/514 693/123/514
f 693/123/515 687/124/515 686/669/515 692/667/515
f 698/127/516 695/236/516 696/236/516 699/127/516
f 699/127/517 696/236/517 694/668/517 697/670/517
f 701/125/518 698/127/518 699/127/518 702/125/518
f 702/125/519 699/127/519 697/670/519 700/671/519
f 707/130/520 703/131/520 705/131/520 708/130/520
f 708/130/521 705/131/521 704/672/521 706/673/521
f 703/128/522 701/125/522 702/125/522 705/131/522
f 705/131/523 702/125/523 700/671/523 704/672/523
f 710/132/524 707/130/524 708/130/524 711/132/524
f 711/132/525 708/130/525 706/673/525 709/674/525
f 716/133/526 710/132/526 711/132/526 717/133/526
f 717/133/527 711/132/527 709/674/527 715/675/527
f 713/138/528 721/137/528 723/676/528 714/677/528
f 714/677/529 723/676/529 722/678/529 712/679/529
f 719/218/530 716/133/530 717/133/530 720/218/530
f 720/218/531 717/133/531 715/675/531 718/680/531
f 725/115/532 719/218/532 720/218/532 726/115/532
f 726/115/533 720/218/533 718/680/533 724/681/533
f 730/233/534 728/232/534 729/682/534 732/683/534
f 732/683/535 729/682/535 727/684/535 731/685/535
f 721/137/536 730/233/536 732/683/536 723/676/536
f 723/676/537 732/683/537 731/685/537 722/678/537
f 745/189/538 739/116/538 741/116/538 747/407/538
f 747/407/539 741/116/539 740/686/539 746/687/539
f 739/116/540 725/115/540 726/115/540 741/116/540
f 741/116/541 726/115/541 724/681/541 740/686/541
f 748/229/542 743/228/542 744/688/542 750/689/542
f 750/689/543 744/688/543 742/690/543 749/691/543
f 736/230/544 748/229/544 750/689/544 738/692/544
f 738/692/545 750/689/545 749/691/545 737/693/545
f 754/190/546 745/189/546 747/407/546 756/410/546
f 756/410/547 747/407/547 746/687/547 755/694/547
f 760/191/548 754/190/548 756/410/548 762/411/548
f 762/411/549 756/410/549 755/694/549 761/695/549
f 763/302/550 767/301/550 768/696/550 765/697/550
f 765/697/551 768/696/551 766/698/551 764/699/551
f 758/226/552 763/302/552 765/697/552 759/700/552
f 759/700/553 765/697/553 764/699/553 757/701/553
f 767/301/554 770/300/554 771/702/554 768/696/554
f 768/696/555 771/702/555 769/703/555 766/698/555
f 770/300/556 773/299/556 774/704/556 771/702/556
f 771/702/557 774/704/557 772/705/557 769/703/557
f 773/299/558 775/282/558 777/568/558 774/704/558
f 774/704/559 777/568/559 776/706/559 772/705/559
f 775/282/560 779/281/560 780/707/560 777/568/560
f 777/568/561 780/707/561 778/708/561 776/706/561
f 781/193/562 785/192/562 786/419/562 783/426/562
f 783/426/563 786/419/563 784/709/563 782/710/563
f 785/192/564 760/191/564 762/411/564 786/419/564
f 786/419/565 762/411/565 761/695/565 784/709/565
f 787/194/566 781/193/566 783/426/566 789/427/566
f 789/427/567 783/426/567 782/710/567 788/711/567
f 796/153/568 790/152/568 792/152/568 798/430/568
f 798/430/569 792/152/569 791/712/569 797/713/569
f 790/152/570 787/194/570 789/427/570 792/152/570
f 792/152/571 789/427/571 788/711/571 791/712/571
f 799/154/572 796/153/572 798/430/572 801/433/572
f 801/433/573 798/430/573 797/713/573 800/714/573
f 805/155/574 799/154/574 801/433/574 807/434/574
f 807/434/575 801/433/575 800/714/575 806/715/575
f 809/147/576 805/155/576 807/434/576 810/147/576
f 810/147/577 807/434/577 806/715/577 808/716/577
f 815/101/578 809/147/578 810/147/578 816/101/578
f 816/101/579 810/147/579 808/716/579 814/717/579
f 818/99/580 815/101/580 816/101/580 819/99/580
f 819/99/581 816/101/581 814/717/581 817/718/581
f 824/134/582 818/99/582 819/99/582 825/134/582
f 825/134/583 819/99/583 817/718/583 823/719/583
f 827/140/584 824/134/584 825/134/584 828/140/584
f 828/140/585 825/134/585 823/719/585 826/720/585
f 833/65/586 829/66/586 831/66/586 834/65/586
f 834/65/587 831/66/587 830/721/587 832/722/587
f 829/66/588 827/140/588 828/140/588 831/66/588
f 831/66/589 828/140/589 826/720/589 830/721/589
f 836/196/590 833/65/590 834/65/590 837/196/590
f 837/196/591 834/65/591 832/722/591 835/723/591
f 839/197/592 836/196/592 837/196/592 840/197/592
f 840/197/593 837/196/593 835/723/593 838/724/593
f 848/201/594 841/198/594 843/198/594 849/201/594
f 849/201/595 843/198/595 842/725/595 847/726/595
f 841/200/596 839/197/596 840/197/596 843/198/596
f 843/198/597 840/197/597 838/724/597 842/725/597
f 851/206/598 848/201/598 849/201/598 852/206/598
f 852/206/599 849/201/599 847/726/599 850/727/599
f 856/211/600 853/210/600 855/210/600 858/449/600
f 858/449/601 855/210/601 854/728/601 857/729/601
f 853/210/602 851/206/602 852/206/602 855/210/602
f 855/210/603 852/206/603 850/727/603 854/728/603
f 862/212/604 856/211/604 858/449/604 864/451/604
f 864/451/605 858/449/605 857/729/605 863/730/605
f 866/118/606 862/212/606 864/451/606 867/118/606
f 867/118/607 864/451/607 863/730/607 865/731/607
f 869/117/608 866/118/608 867/118/608 870/117/608
f 870/117/609 867/118/609 865/731/609 868/732/609
f 872/135/610 869/117/610 870/117/610 873/135/610
f 873/135/611 870/117/611 868/732/611 871/733/611
f 875/217/612 872/135/612 873/135/612 876/217/612
f 876/217/613 873/135/613 871/733/613 874/734/613
f 878/266/614 875/217/614 876/217/614 879/103/614
f 879/103/615 876/217/615 874/734/615 877/735/615
f 881/102/616 878/103/616 879/103/616 882/102/616
f 882/102/617 879/103/617 877/735/617 880/736/617
f 887/262/618 881/102/618 882/102/618 888/262/618
f 888/262/619 882/102/619 880/736/619 886/737/619
f 890/178/620 887/262/620 888/262/620 891/178/620
f 891/178/621 888/262/621 886/737/621 889/738/621
f 892/179/622 890/178/622 891/178/622 894/461/622
f 894/461/623 891/178/623 889/738/623 893/739/623
f 895/180/624 892/179/624 894/461/624 897/463/624
f 897/463/625 894/461/625 893/739/625 896/740/625
f 899/181/626 895/180/626 897/463/626 900/181/626
f 900/181/627 897/463/627 896/740/627 898/741/627
f 902/234/628 899/181/628 900/181/628 903/235/628
f 903/235/629 900/181/629 898/741/629 901/742/629
f 905/240/630 902/234/630 903/235/630 906/240/630
f 906/240/631 903/235/631 901/742/631 904/743/631
f 907/241/632 905/240/632 906/240/632 909/468/632
f 909/468/633 906/240/633 904/743/633 908/744/633
f 910/242/634 907/241/634 909/468/634 912/470/634
f 912/470/635 909/468/635 908/744/635 911/745/635
f 913/243/636 910/242/636 912/470/636 915/472/636
f 915/472/637 912/470/637 911/745/637 914/746/637
f 919/244/638 913/243/638 915/472/638 921/474/638
f 921/474/639 915/472/639 914/746/639 920/747/639
f 922/245/640 919/244/640 921/474/640 924/476/640
f 924/476/641 921/474/641 920/747/641 923/748/641
f 925/246/642 922/245/642 924/476/642 927/478/642
f 927/478/643 924/476/643 923/748/643 926/749/643
f 928/247/644 925/246/644 927/478/644 930/480/644
f 930/480/645 927/478/645 926/749/645 929/750/645
f 931/248/646 928/247/646 930/480/646 933/482/646
f 933/482/647 930/480/647 929/750/647 932/751/647
f 934/249/648 931/248/648 933/482/648 936/484/648
f 936/484/649 933/482/649 932/751/649 935/752/649
f 937/250/650 934/249/650 936/484/650 939/486/650
f 939/486/651 936/484/651 935/752/651 938/753/651
f 940/251/652 937/250/652 939/486/652 942/488/652
f 942/488/653 939/486/653 938/753/653 941/754/653
f 944/105/654 940/251/654 942/488/654 945/755/654
f 945/755/655 942/488/655 941/754/655 943/756/655
f 917/104/656 944/105/656 945/755/656 918/757/656
f 918/757/657 945/755/657 943/756/657 916/758/657
f 884/122/658 917/104/658 918/757/658 885/759/658
f 885/759/659 918/757/659 916/758/659 883/760/659
f 949/88/660 947/87/660 948/761/660 951/500/660
f 951/500/661 948/761/661 946/762/661 950/763/661
f 953/89/662 949/88/662 951/500/662 954/764/662
f 954/764/663 951/500/663 950/763/663 952/765/663
f 958/80/664 953/79/664 954/764/664 960/504/664
f 960/504/665 954/764/665 952/765/665 959/766/665
f 964/82/666 962/81/666 963/767/666 966/768/666
f 966/768/667 963/767/667 961/769/667 965/770/667
f 962/81/668 958/80/668 960/504/668 963/767/668
f 963/767/669 960/504/669 959/766/669 961/769/669
f 968/70/670 964/82/670 966/768/670 969/771/670
f 969/771/671 966/768/671 965/770/671 967/772/671
f 976/72/672 971/71/672 972/773/672 978/513/672
f 978/513/673 972/773/673 970/774/673 977/775/673
f 971/71/674 968/70/674 969/771/674 972/773/674
f 972/773/675 969/771/675 967/772/675 970/774/675
f 980/67/676 976/72/676 978/513/676 981/776/676
f 981/776/677 978/513/677 977/775/677 979/777/677
f 989/158/678 980/67/678 981/776/678 990/778/678
f 990/778/679 981/776/679 979/777/679 988/779/679
f 991/159/680 989/158/680 990/778/680 993/780/680
f 993/780/681 990/778/681 988/779/681 992/781/681
f 1000/161/682 995/160/682 996/782/682 1002/783/682
f 1002/783/683 996/782/683 994/784/683 1001/785/683
f 995/160/684 991/159/684 993/780/684 996/782/684
f 996/782/685 993/780/685 992/781/685 994/784/685
f 1004/162/686 1000/161/686 1002/783/686 1005/786/686
f 1005/786/687 1002/783/687 1001/785/687 1003/787/687
f 1010/293/688 1004/162/688 1005/786/688 1011/788/688
f 1011/788/689 1005/786/689 1003/787/689 1009/789/689
f 1016/320/690 1010/293/690 1011/788/690 1017/790/690
f 1017/790/691 1011/788/691 1009/789/691 1015/791/691
f 1022/317/692 1016/316/692 1017/790/692 1023/792/692
f 1023/792/693 1017/790/693 1015/791/693 1021/793/693
f 1024/323/694 1022/318/694 1023/792/694 1026/794/694
f 1026/794/695 1023/792/695 1021/793/695 1025/795/695
f 1030/325/696 1028/324/696 1029/796/696 1032/797/696
f 1032/797/697 1029/796/697 1027/798/697 1031/799/697
f 1028/324/698 1024/323/698 1026/794/698 1029/796/698
f 1029/796/699 1026/794/699 1025/795/699 1027/798/699
f 1034/120/700 1030/325/700 1032/797/700 1035/800/700
f 1035/800/701 1032/797/701 1031/799/701 1033/801/701
f 1019/119/702 1034/120/702 1035/800/702 1020/802/702
f 1020/802/703 1035/800/703 1033/801/703 1018/803/703
f 1013/213/704 1019/119/704 1020/802/704 1014/804/704
f 1014/804/705 1020/802/705 1018/803/705 1012/805/705
f 1007/291/706 1013/213/706 1014/804/706 1008/806/706
f 1008/806/707 1014/804/707 1012/805/707 1006/807/707
f 998/286/708 1007/291/708 1008/806/708 999/547/708
f 999/547/709 1008/806/709 1006/807/709 997/808/709
f 986/284/710 998/286/710 999/547/710 987/809/710
f 987/809/711 999/547/711 997/808/711 985/810/711
f 983/295/712 986/284/712 987/809/712 984/550/712
f 984/550/713 987/809/713 985/810/713 982/811/713
f 974/263/714 983/294/714 984/550/714 975/812/714
f 975/812/715 984/550/715 982/811/715 973/813/715
f 956/204/716 974/263/716 975/812/716 957/814/716
f 957/814/717 975/812/717 973/813/717 955/815/717
f 845/205/718 956/204/718 957/814/718 846/816/718
f 846/816/719 957/814/719 955/815/719 844/817/719
f 860/86/720 884/122/720 885/759/720 861/496/720
f 861/496/721 885/759/721 883/760/721 859/818/721
f 947/87/722 860/86/722 861/496/722 948/761/722
f 948/761/723 861/496/723 859/818/723 946/762/723
f 821/215/724 845/202/724 846/816/724 822/819/724
f 822/819/725 846/816/725 844/817/725 820/820/725
f 812/216/726 821/215/726 822/819/726 813/821/726
f 813/821/727 822/819/727 820/820/727 811/822/727
f 802/279/728 812/214/728 813/821/728 804/562/728
f 804/562/729 813/821/729 811/822/729 803/823/729
f 793/280/730 802/279/730 804/562/730 795/824/730
f 795/824/731 804/562/731 803/823/731 794/825/731
f 779/281/732 793/280/732 795/824/732 780/707/732
f 780/707/733 795/824/733 794/825/733 778/708/733
f 751/227/734 758/226/734 759/700/734 753/826/734
f 753/826/735 759/700/735 757/701/735 752/827/735
f 743/228/736 751/227/736 753/826/736 744/688/736
f 744/688/737 753/826/737 752/827/737 742/690/737
f 733/231/738 736/230/738 738/692/738 735/828/738
f 735/828/739 738/692/739 737/693/739 734/829/739
f 728/232/740 733/231/740 735/828/740 729/682/740
f 729/682/741 735/828/741 734/829/741 727/684/741
f 682/264/636 713/136/636 714/677/636 684/663/636
f 684/663/742 714/677/742 712/679/742 683/664/742
f 685/124/743 689/274/743 690/274/743 687/124/743
f 687/124/744 690/274/744 688/666/744 686/669/744
f 592/167/745 589/166/745 591/166/745 594/164/745
f 594/164/746 591/166/746 590/830/746 593/665/746
f 589/166/747 586/60/747 588/60/747 591/166/747
f 591/166/748 588/60/748 587/831/748 590/830/748
f 586/60/749 583/61/749 585/61/749 588/60/749
f 588/60/750 585/61/750 584/832/750 587/831/750
f 583/61/751 580/57/751 582/57/751 585/61/751
f 585/61/752 582/57/752 581/833/752 584/832/752
f 1040/142/564 578/314/564 579/608/564 1041/834/564
f 1041/834/565 579/608/565 577/609/565 1039/835/565
f 575/58/753 1060/59/753 1062/59/753 576/58/753
f 576/58/754 1062/59/754 1061/836/754 574/837/754
f 1067/108/453 1063/107/453 1065/838/453 1068/839/453
f 1068/839/452 1065/838/452 1064/840/452 1066/841/452
f 1063/143/755 1040/142/755 1041/834/755 1065/838/755
f 1065/838/756 1041/834/756 1039/835/756 1064/840/756
f 1037/121/450 1067/106/450 1068/839/450 1038/121/450
f 1038/121/451 1068/839/451 1066/841/451 1036/842/451
f 1060/59/757 1057/273/757 1059/273/757 1062/59/757
f 1062/59/758 1059/273/758 1058/843/758 1061/836/758
f 1057/273/759 1054/287/759 1056/287/759 1059/273/759
f 1059/273/760 1056/287/760 1055/844/760 1058/843/760
f 1054/287/761 1051/268/761 1053/268/761 1056/287/761
f 1056/287/762 1053/268/762 1052/845/762 1055/844/762
f 1051/269/763 1048/90/763 1050/90/763 1053/268/763
f 1053/268/764 1050/90/764 1049/846/764 1052/845/764
f 1048/90/765 1045/91/765 1047/91/765 1050/90/765
f 1050/90/766 1047/91/766 1046/847/766 1049/846/766
f 1045/91/767 1042/144/767 1044/144/767 1047/91/767
f 1047/91/768 1044/144/768 1043/848/768 1046/847/768
f 1042/144/769 1037/121/769 1038/121/769 1044/144/769
f 1044/144/770 1038/121/770 1036/842/770 1043/848/770
f 580/57/771 575/58/771 576/58/771 582/57/771
f 582/57/772 576/58/772 574/837/772 581/833/772
f 673/635/773 676/637/773 680/639/773 665/641/773 659/643/773 653/645/773 647/646/773 641/648/773 635/650/773 629/652/773 617/654/773 611/656/773 607/658/773 604/660/773 595/662/773 683/664/773 712/679/773 722/678/773 731/685/773 727/684/773 734/829/773 737/693/773 749/691/773 742/690/773 752/827/773 757/701/773 764/699/773 766/698/773 769/703/773 772/705/773 776/706/773 778/708/773 794/825/773 803/823/773 811/822/773 820/820/773 844/817/773 955/815/773 973/813/773 982/811/773 985/810/773 997/808/773 1006/807/773 1012/805/773 1018/803/773 1033/801/773 1031/799/773 1027/798/773 1025/795/773 1021/793/773 1015/791/773 1009/789/773 1003/787/773 1001/785/773 994/784/773 992/781/773 988/779/773 979/777/773 977/775/773 970/774/773 967/772/773 965/770/773 961/769/773 959/766/773 952/765/773 950/763/773 946/762/773 859/818/773 883/760/773 916/758/773 943/756/773 941/754/773 938/753/773 935/752/773 932/751/773 929/750/773 926/749/773 923/748/773 920/747/773 914/746/773 911/745/773 908/744/773 904/743/773 901/742/773 898/741/773 896/740/773 893/739/773 889/738/773 886/737/773 880/736/773 877/735/773 874/734/773 871/733/773 868/732/773 865/731/773 863/730/773 857/729/773 854/728/773 850/727/773 847/726/773 842/725/773 838/724/773 835/723/773 832/722/773 830/721/773 826/720/773 823/719/773 817/718/773 814/717/773 808/716/773 806/715/773 800/714/773 797/713/773 791/712/773 788/711/773 782/710/773 784/709/773 761/695/773 755/694/773 746/687/773 740/686/773 724/681/773 718/680/773 715/675/773 709/674/773 706/673/773 704/672/773 700/671/773 697/670/773 694/668/773 692/667/773 686/669/773 688/666/773 593/665/773 590/830/773 587/831/773 584/832/773 581/833/773 574/837/773 1061/836/773 1058/843/773 1055/844/773 1052/845/773 1049/846/773 1046/847/773 1043/848/773 1036/842/773 1066/841/773 1064/840/773 1039/835/773 577/609/773 601/606/773 571/605/773 599/604/773 614/611/773 620/613/773 622/615/773 625/617/773 632/619/773 638/621/773 644/623/773 650/625/773 656/627/773 662/629/773 668/631/773 670/633/773
o sfgh.002
v -0.296535 0.000000 -0.009023
v -0.287512 0.009023 0.000000
v -0.293893 0.002643 -0.002643
v -0.287512 0.456310 0.000000
v -0.296535 0.465333 -0.009023
v -0.293893 0.462691 -0.002643
v -0.205558 0.392356 0.000000
v -0.196535 0.383333 -0.009023
v -0.199178 0.385976 -0.002643
v -0.205558 0.267644 0.000000
v -0.196535 0.276667 -0.009023
v -0.199178 0.274024 -0.002643
v -0.205558 0.203690 0.000000
v -0.196535 0.194667 -0.009023
v -0.199178 0.197309 -0.002643
v -0.205558 0.009023 0.000000
v -0.196535 0.000000 -0.009023
v -0.199178 0.002643 -0.002643
v -0.018892 0.203690 0.000000
v -0.009869 0.194667 -0.009023
v -0.012511 0.197309 -0.002643
v -0.009869 0.276667 -0.009023
v -0.018892 0.267644 0.000000
v -0.012511 0.274024 -0.002643
v 0.003108 0.392356 0.000000
v 0.012131 0.383333 -0.009023
v 0.009489 0.385976 -0.002643
v 0.012131 0.465333 -0.009023
v 0.003108 0.456310 0.000000
v 0.009489 0.462691 -0.002643
v -0.290535 0.006000 -0.310000
v -0.296535 0.000000 -0.304000
v -0.294778 0.001757 -0.308243
v -0.296535 0.465333 -0.304000
v -0.290535 0.459333 -0.310000
v -0.294778 0.463576 -0.308243
v -0.202535 0.389333 -0.310000
v -0.196535 0.383333 -0.304000
v -0.198293 0.385091 -0.308243
v -0.202535 0.270667 -0.310000
v -0.196535 0.276667 -0.304000
v -0.198293 0.274909 -0.308243
v -0.202535 0.200667 -0.310000
v -0.196535 0.194667 -0.304000
v -0.198293 0.196424 -0.308243
v -0.202535 0.006000 -0.310000
v -0.196535 0.000000 -0.304000
v -0.198293 0.001757 -0.308243
v -0.015869 0.270667 -0.310000
v -0.009869 0.276667 -0.304000
v -0.011626 0.274909 -0.308243
v -0.015869 0.200667 -0.310000
v -0.009869 0.194667 -0.304000
v -0.011626 0.196424 -0.308243
v 0.006131 0.459333 -0.310000
v 0.012131 0.465333 -0.304000
v 0.010374 0.463576 -0.308243
v 0.006131 0.389333 -0.310000
v 0.012131 0.383333 -0.304000
v 0.010374 0.385091 -0.308243
vn 1.0000 -0.0000 -0.0000
vn -1.0000 -0.0000 -0.0000
vn -0.0000 1.0000 -0.0000
vn -0.0000 -1.0000 -0.0000
vn -0.3827 -0.0000 0.9239
vn -0.9239 -0.0000 0.3827
vn -0.0000 -0.9239 0.3827
vn -0.0000 -0.3827 0.9239
vn 0.3827 -0.0000 0.9239
vn 0.9239 -0.0000 0.3827
vn -0.0000 0.3827 0.9239
vn -0.0000 0.9239 0.3827
vn -0.0000 -0.0000 1.0000
vn -0.9239 -0.0000 -0.3827
vn -0.3827 -0.0000 -0.9239
vn -0.0000 -0.3827 -0.9239
vn -0.0000 -0.9239 -0.3827
vn 0.9239 -0.0000 -0.3827
vn 0.3827 -0.0000 -0.9239
vn -0.0000 0.9239 -0.3827
vn -0.0000 0.3827 -0.9239
vn -0.0000 -0.0000 -1.0000
vt 0.444444 0.000000
vt 0.555556 0.000000
vt 0.000000 0.000000
vt 0.111111 0.000000
vt 0.111111 0.000000
vt 0.222222 0.000000
vt 0.222222 0.000000
vt 1.000000 0.000000
vt 0.333333 0.000000
vt 0.333333 0.000000
vt 0.777778 0.000000
vt 0.888889 0.000000
vt 0.888889 0.000000
vt 0.666667 0.000000
vt 0.444444 0.000000
vt 0.666667 0.000000
vt 0.086602 0.000000
vt 0.119434 0.000000
vt 0.111271 0.000000
vt 0.013529 0.000000
vt 0.986032 0.000000
vt 0.904786 0.000000
vt 0.758646 0.000000
vt 0.661829 0.000000
vt 0.776774 0.000000
vt 0.668657 0.000000
vt 0.667671 0.000000
vt 0.477606 0.000000
vt 0.317831 0.000000
vt 0.323885 0.000000
vt 0.332246 0.000000
vt 0.229377 0.000000
vt 0.223537 0.000000
vt 0.111218 0.000000
vt 0.008997 0.000000
vt 0.116519 0.000000
vt 0.057636 0.000000
vt 0.936717 0.000000
vt 0.990712 0.000000
vt 0.721603 0.000000
vt 0.777110 0.000000
vt 0.765171 0.000000
vt 0.667334 0.000000
vt 0.668028 0.000000
vt 0.498311 0.000000
vt 0.355018 0.000000
vt 0.332611 0.000000
vt 0.323024 0.000000
vt 0.223097 0.000000
vt 0.226945 0.000000
s 0
f 1076/849/774 1079/850/774 1109/850/774 1106/849/774
f 1069/851/775 1073/852/775 1102/853/775 1100/851/775
f 1073/853/776 1096/854/776 1124/855/776 1102/853/776
f 1085/856/777 1069/851/777 1100/851/777 1115/856/777
f 1096/855/774 1094/857/774 1127/858/774 1124/855/774
f 1088/859/777 1082/860/777 1112/861/777 1121/859/777
f 1090/862/774 1088/859/774 1121/859/774 1118/862/774
f 1082/861/774 1085/856/774 1115/856/774 1112/861/774
f 1094/858/777 1076/863/777 1106/849/777 1127/858/777
f 1079/850/776 1090/864/776 1118/862/776 1109/850/776
f 1070/865/778 1072/866/778 1074/867/778 1071/868/778
f 1071/868/779 1074/867/779 1073/852/779 1069/851/779
f 1069/851/780 1085/856/780 1086/869/780 1071/868/780
f 1071/868/781 1086/869/781 1084/870/781 1070/865/781
f 1087/871/781 1081/872/781 1083/861/781 1089/873/781
f 1089/873/780 1083/861/780 1082/860/780 1088/859/780
f 1091/874/782 1087/871/782 1089/873/782 1092/875/782
f 1092/875/783 1089/873/783 1088/859/783 1090/862/783
f 1078/876/784 1091/874/784 1092/875/784 1080/850/784
f 1080/850/785 1092/875/785 1090/864/785 1079/850/785
f 1093/877/781 1075/878/781 1077/849/781 1095/879/781
f 1095/879/780 1077/849/780 1076/863/780 1094/858/780
f 1097/880/782 1093/877/782 1095/879/782 1098/881/782
f 1098/881/783 1095/879/783 1094/857/783 1096/855/783
f 1072/866/784 1097/880/784 1098/881/784 1074/867/784
f 1074/867/785 1098/881/785 1096/854/785 1073/853/785
f 1081/872/782 1084/870/782 1086/869/782 1083/861/782
f 1083/861/783 1086/869/783 1085/856/783 1082/861/783
f 1075/878/782 1078/876/782 1080/850/782 1077/849/782
f 1077/849/783 1080/850/783 1079/850/783 1076/849/783
f 1091/874/786 1078/876/786 1075/878/786 1093/877/786 1097/880/786 1072/866/786 1070/865/786 1084/870/786 1081/872/786 1087/871/786
f 1100/851/787 1102/853/787 1104/882/787 1101/883/787
f 1101/883/788 1104/882/788 1103/884/788 1099/885/788
f 1099/885/789 1114/886/789 1116/887/789 1101/883/789
f 1101/883/790 1116/887/790 1115/856/790 1100/851/790
f 1112/861/791 1115/856/791 1116/887/791 1113/861/791
f 1113/861/792 1116/887/792 1114/886/792 1111/888/792
f 1121/859/790 1112/861/790 1113/861/790 1122/889/790
f 1122/889/789 1113/861/789 1111/888/789 1120/890/789
f 1118/862/791 1121/859/791 1122/889/791 1119/891/791
f 1119/891/792 1122/889/792 1120/890/792 1117/892/792
f 1109/850/793 1118/862/793 1119/891/793 1110/850/793
f 1110/850/794 1119/891/794 1117/892/794 1108/893/794
f 1106/849/791 1109/850/791 1110/850/791 1107/849/791
f 1107/849/792 1110/850/792 1108/893/792 1105/894/792
f 1127/858/790 1106/849/790 1107/849/790 1128/895/790
f 1128/895/789 1107/849/789 1105/894/789 1126/896/789
f 1124/855/791 1127/858/791 1128/895/791 1125/897/791
f 1125/897/792 1128/895/792 1126/896/792 1123/898/792
f 1102/853/793 1124/855/793 1125/897/793 1104/882/793
f 1104/882/794 1125/897/794 1123/898/794 1103/884/794
f 1117/892/795 1120/890/795 1111/888/795 1114/886/795 1099/885/795 1103/884/795 1123/898/795 1126/896/795 1105/894/795 1108/893/795
o sfgh.003
v -0.492702 0.469167 -0.310000
v -0.557238 0.001024 0.000000
v -0.557202 -0.008000 -0.009023
v -0.557213 -0.005357 -0.002643
v -0.566873 -0.007866 -0.009024
v -0.566620 0.001155 0.000000
v -0.566799 -0.005224 -0.002643
v -0.542841 -0.007685 -0.009024
v -0.543141 0.001334 0.000000
v -0.542929 -0.005043 -0.002643
v -0.575814 0.001546 0.000000
v -0.576332 -0.007463 -0.009024
v -0.576180 -0.004824 -0.002643
v -0.536508 0.001711 0.000000
v -0.535889 -0.007292 -0.009024
v -0.536071 -0.004655 -0.002643
v -0.584785 0.002198 0.000000
v -0.585577 -0.006792 -0.009024
v -0.585345 -0.004159 -0.002643
v -0.529992 0.002239 0.000000
v -0.529091 -0.006741 -0.009023
v -0.529355 -0.004111 -0.002643
v -0.515952 -0.005167 -0.009023
v -0.517208 0.003770 0.000000
v -0.516320 -0.002549 -0.002643
v -0.511175 0.004744 0.000000
v -0.509612 -0.004144 -0.009024
v -0.510070 -0.001540 -0.002643
v -0.593455 0.003100 0.000000
v -0.594609 -0.005852 -0.009023
v -0.594271 -0.003230 -0.002643
v -0.610429 0.005715 0.000000
v -0.612035 -0.003167 -0.009023
v -0.611565 -0.000565 -0.002643
v -0.505453 0.005836 0.000000
v -0.503424 -0.002963 -0.009023
v -0.504018 -0.000386 -0.002643
v -0.626030 0.009250 0.000000
v -0.628609 0.000593 -0.009023
v -0.627854 0.003128 -0.002643
v -0.618431 0.007379 0.000000
v -0.620429 -0.001421 -0.009023
v -0.619844 0.001156 -0.002643
v -0.482976 0.011930 0.000000
v -0.480202 0.003333 -0.009023
v -0.481015 0.005851 -0.002643
v -0.469489 0.007361 -0.009023
v -0.472854 0.015736 0.000000
v -0.470475 0.009814 -0.002643
v -0.468027 0.017802 0.000000
v -0.464348 0.009563 -0.009024
v -0.465426 0.011976 -0.002643
v -0.655790 0.019698 0.000000
v -0.659202 0.011333 -0.009023
v -0.658203 0.013783 -0.002643
v -0.463356 0.019977 0.000000
v -0.459350 0.011889 -0.009023
v -0.460523 0.014258 -0.002643
v -0.449785 0.016917 -0.009023
v -0.454184 0.024798 0.000000
v -0.451074 0.019225 -0.002643
v -0.673183 0.018167 -0.009023
v -0.668930 0.026126 0.000000
v -0.671938 0.020498 -0.002643
v -0.449945 0.027306 0.000000
v -0.445218 0.019618 -0.009024
v -0.446603 0.021870 -0.002643
v -0.662345 0.022760 0.000000
v -0.666308 0.014653 -0.009023
v -0.665147 0.017027 -0.002643
v -0.675281 0.029671 0.000000
v -0.679827 0.021875 -0.009023
v -0.678495 0.024158 -0.002643
v -0.445991 0.029832 0.000000
v -0.440795 0.022444 -0.009023
v -0.442317 0.024608 -0.002643
v -0.681169 0.033255 0.000000
v -0.686239 0.025778 -0.009023
v -0.684754 0.027968 -0.002643
v -0.430573 0.041738 0.000000
v -0.424535 0.035000 -0.009023
v -0.426304 0.036973 -0.002643
v -0.703700 0.050207 0.000000
v -0.709572 0.043333 -0.009023
v -0.707852 0.045347 -0.002643
v -0.417653 0.055142 0.000000
v -0.410683 0.049370 -0.009023
v -0.412725 0.051061 -0.002643
v -0.724642 0.058542 -0.009023
v -0.717840 0.064474 0.000000
v -0.722650 0.060279 -0.002643
v -0.713370 0.059563 0.000000
v -0.719850 0.053278 -0.009023
v -0.717952 0.055119 -0.002643
v -0.717243 0.063759 0.000000
v -0.729202 0.064000 -0.009023
v -0.725699 0.063929 -0.002643
v -0.407112 0.070023 0.000000
v -0.399350 0.065370 -0.009023
v -0.401623 0.066733 -0.002643
v -0.554105 0.064304 0.000000
v -0.553869 0.073333 -0.009023
v -0.553938 0.070689 -0.002643
v -0.547989 0.073444 -0.009023
v -0.547637 0.064426 0.000000
v -0.547886 0.070803 -0.002643
v -0.575689 0.065843 0.000000
v -0.574646 0.074815 -0.009023
v -0.574952 0.072187 -0.002643
v -0.581402 0.066766 0.000000
v -0.579806 0.075648 -0.009023
v -0.580274 0.073047 -0.002643
v -0.586859 0.067846 0.000000
v -0.584952 0.076667 -0.009023
v -0.585510 0.074083 -0.002643
v -0.592297 0.069122 0.000000
v -0.590084 0.077870 -0.009024
v -0.590732 0.075308 -0.002643
v -0.597714 0.070592 0.000000
v -0.595202 0.079259 -0.009023
v -0.595938 0.076721 -0.002643
v -0.603111 0.072256 0.000000
v -0.600306 0.080833 -0.009024
v -0.601128 0.078321 -0.002643
v -0.608554 0.074137 0.000000
v -0.605396 0.082593 -0.009023
v -0.606321 0.080116 -0.002643
v -0.619115 0.078381 0.000000
v -0.615535 0.086667 -0.009023
v -0.616584 0.084240 -0.002643
v -0.624504 0.080875 0.000000
v -0.620556 0.088991 -0.009023
v -0.621713 0.086614 -0.002643
v -0.629839 0.083599 0.000000
v -0.625508 0.091519 -0.009023
v -0.626776 0.089199 -0.002643
v -0.639972 0.089522 0.000000
v -0.635202 0.097185 -0.009023
v -0.636599 0.094941 -0.002643
v -0.645061 0.092890 0.000000
v -0.639945 0.100324 -0.009023
v -0.641443 0.098147 -0.002643
v -0.650062 0.096466 0.000000
v -0.644619 0.103667 -0.009023
v -0.646213 0.101558 -0.002643
v -0.659739 0.104193 0.000000
v -0.653758 0.110963 -0.009023
v -0.655510 0.108980 -0.002643
v -0.670806 0.115001 0.000000
v -0.671202 0.128000 -0.009023
v -0.671086 0.124193 -0.002643
v -0.542350 0.073778 -0.009023
v -0.541622 0.064782 0.000000
v -0.542137 0.071143 -0.002643
v -0.536952 0.074333 -0.009023
v -0.535817 0.065380 0.000000
v -0.536619 0.071711 -0.002643
v -0.519645 0.068664 0.000000
v -0.522202 0.077333 -0.009023
v -0.521453 0.074794 -0.002643
v -0.530101 0.066241 0.000000
v -0.531795 0.075111 -0.009023
v -0.531299 0.072513 -0.002643
v -0.509939 0.072163 0.000000
v -0.513572 0.080444 -0.009023
v -0.512508 0.078019 -0.002643
v -0.501134 0.076757 0.000000
v -0.505906 0.084444 -0.009023
v -0.504508 0.082193 -0.002643
v -0.398792 0.086663 0.000000
v -0.390535 0.083000 -0.009023
v -0.392954 0.084073 -0.002643
v -0.397189 0.090777 0.000000
v -0.388725 0.087646 -0.009024
v -0.391204 0.088563 -0.002643
v -0.395639 0.095200 0.000000
v -0.387072 0.092361 -0.009024
v -0.389581 0.093193 -0.002643
v -0.493312 0.082461 0.000000
v -0.499202 0.089333 -0.009023
v -0.497477 0.087320 -0.002643
v -0.385577 0.097146 -0.009024
v -0.394235 0.099691 0.000000
v -0.388113 0.097891 -0.002643
v -0.384239 0.102000 -0.009023
v -0.392978 0.104251 0.000000
v -0.386799 0.102659 -0.002643
v -0.483588 0.093085 0.000000
v -0.491035 0.098208 -0.009023
v -0.488854 0.096708 -0.002643
v -0.486723 0.089072 0.000000
v -0.493498 0.095056 -0.009023
v -0.491514 0.093303 -0.002643
v -0.478792 0.101049 0.000000
v -0.486887 0.105097 -0.009023
v -0.484516 0.103911 -0.002643
v -0.391868 0.108881 0.000000
v -0.383058 0.106924 -0.009024
v -0.385639 0.107497 -0.002643
v -0.390919 0.113512 0.000000
v -0.382035 0.111917 -0.009023
v -0.384637 0.112384 -0.002643
v -0.475169 0.109977 0.000000
v -0.483776 0.112764 -0.009023
v -0.481255 0.111948 -0.002643
v -0.472800 0.119622 0.000000
v -0.481702 0.121208 -0.009023
v -0.479095 0.120744 -0.002643
v -0.380461 0.122111 -0.009023
v -0.389411 0.123275 0.000000
v -0.383083 0.122452 -0.002643
v -0.388898 0.128123 0.000000
v -0.379910 0.127312 -0.009024
v -0.382543 0.127550 -0.002643
v -0.388530 0.133052 0.000000
v -0.379517 0.132583 -0.009023
v -0.382157 0.132721 -0.002643
v -0.471644 0.129910 0.000000
v -0.480665 0.130431 -0.009023
v -0.478023 0.130278 -0.002643
v -0.388231 0.143250 0.000000
v -0.379202 0.143333 -0.009023
v -0.381847 0.143309 -0.002643
v -0.471610 0.139820 0.000000
v -0.480635 0.139361 -0.009023
v -0.477992 0.139496 -0.002643
v -0.477239 0.163912 0.000000
v -0.485413 0.160028 -0.009023
v -0.483019 0.161165 -0.002643
v -0.389044 0.160242 0.000000
v -0.380054 0.161148 -0.009023
v -0.382687 0.160883 -0.002643
v -0.474374 0.156451 0.000000
v -0.483024 0.153806 -0.009023
v -0.480490 0.154581 -0.002643
v -0.481431 0.146917 -0.009023
v -0.472516 0.148411 0.000000
v -0.478820 0.147354 -0.002643
v -0.483598 0.173963 0.000000
v -0.490489 0.168111 -0.009023
v -0.488471 0.169825 -0.002643
v -0.481044 0.170548 0.000000
v -0.488598 0.165583 -0.009023
v -0.486385 0.167038 -0.002643
v -0.488861 0.179437 0.000000
v -0.494869 0.172667 -0.009023
v -0.493109 0.174650 -0.002643
v -0.495240 0.184252 0.000000
v -0.500193 0.176685 -0.009023
v -0.498742 0.178901 -0.002643
v -0.391445 0.175799 0.000000
v -0.382609 0.177704 -0.009023
v -0.385197 0.177146 -0.002643
v -0.510947 0.191957 0.000000
v -0.514119 0.183500 -0.009023
v -0.513190 0.185977 -0.002643
v -0.502614 0.188402 0.000000
v -0.506609 0.180296 -0.009023
v -0.505439 0.182670 -0.002643
v -0.520450 0.195046 0.000000
v -0.522721 0.186296 -0.009023
v -0.522056 0.188859 -0.002643
v -0.395403 0.190013 0.000000
v -0.386869 0.193000 -0.009023
v -0.389368 0.192125 -0.002643
v -0.618580 0.214276 0.000000
v -0.621035 0.205563 -0.009023
v -0.620316 0.208115 -0.002643
v -0.400891 0.202932 0.000000
v -0.392832 0.207037 -0.009023
v -0.395192 0.205835 -0.002643
v -0.634435 0.220170 0.000000
v -0.638072 0.211896 -0.009023
v -0.637007 0.214319 -0.002643
v -0.648546 0.227381 0.000000
v -0.653183 0.219618 -0.009023
v -0.651825 0.221892 -0.002643
v -0.400498 0.219815 -0.009023
v -0.407987 0.214759 0.000000
v -0.402692 0.218334 -0.002643
v -0.411883 0.219912 0.000000
v -0.404970 0.225731 -0.009023
v -0.406995 0.224027 -0.002643
v -0.421352 0.230031 0.000000
v -0.415160 0.236620 -0.009023
v -0.416974 0.234690 -0.002643
v -0.660697 0.235778 0.000000
v -0.666369 0.228729 -0.009023
v -0.664707 0.230794 -0.002643
v -0.671092 0.245472 0.000000
v -0.677628 0.239229 -0.009023
v -0.675714 0.241058 -0.002643
v -0.675375 0.250509 0.000000
v -0.682535 0.245000 -0.009023
v -0.680438 0.246613 -0.002643
v -0.432146 0.238941 0.000000
v -0.426827 0.246250 -0.009023
v -0.428385 0.244109 -0.002643
v -0.444360 0.246739 0.000000
v -0.439938 0.254620 -0.009023
v -0.441233 0.252312 -0.002643
v -0.683372 0.262028 0.000000
v -0.691091 0.257324 -0.009023
v -0.688830 0.258702 -0.002643
v -0.458033 0.253418 0.000000
v -0.454494 0.261731 -0.009023
v -0.455530 0.259297 -0.002643
v -0.470494 0.267583 -0.009023
v -0.473293 0.258999 0.000000
v -0.471313 0.265069 -0.002643
v -0.481336 0.261310 0.000000
v -0.479035 0.270037 -0.009023
v -0.479709 0.267481 -0.002643
v -0.689869 0.274275 0.000000
v -0.698091 0.270519 -0.009023
v -0.695683 0.271619 -0.002643
v -0.489864 0.263359 0.000000
v -0.487938 0.272176 -0.009023
v -0.488502 0.269593 -0.002643
v -0.497202 0.274000 -0.009023
v -0.498810 0.265121 0.000000
v -0.497673 0.271399 -0.002643
v -0.547459 0.273785 0.000000
v -0.545869 0.282667 -0.009023
v -0.546335 0.280065 -0.002643
v -0.553177 0.274861 0.000000
v -0.551403 0.283708 -0.009024
v -0.551923 0.281117 -0.002643
v -0.694934 0.287358 0.000000
v -0.703535 0.284583 -0.009023
v -0.701016 0.285396 -0.002643
v -0.558672 0.276033 0.000000
v -0.556674 0.284833 -0.009024
v -0.557259 0.282256 -0.002643
v -0.564141 0.277353 0.000000
v -0.561681 0.286042 -0.009023
v -0.562402 0.283497 -0.002643
v -0.582395 0.283302 0.000000
v -0.579070 0.291708 -0.009023
v -0.580044 0.289246 -0.002643
v -0.590445 0.287075 0.000000
v -0.586181 0.295042 -0.009023
v -0.587430 0.292708 -0.002643
v -0.597423 0.291300 0.000000
v -0.592237 0.298708 -0.009023
v -0.593756 0.296539 -0.002643
v -0.698569 0.301319 0.000000
v -0.707424 0.299518 -0.009023
v -0.704831 0.300046 -0.002643
v -0.603499 0.296184 0.000000
v -0.597264 0.302750 -0.009023
v -0.599090 0.300827 -0.002643
v -0.608547 0.301838 0.000000
v -0.601431 0.307417 -0.009023
v -0.603515 0.305783 -0.002643
v -0.610965 0.305366 0.000000
v -0.603202 0.310000 -0.009023
v -0.605476 0.308643 -0.002643
v -0.700765 0.316195 0.000000
v -0.709758 0.315324 -0.009023
v -0.707124 0.315579 -0.002643
v -0.614467 0.312171 0.000000
v -0.606119 0.315667 -0.009023
v -0.608564 0.314643 -0.002643
v -0.616972 0.319786 0.000000
v -0.608202 0.322000 -0.009023
v -0.610771 0.321352 -0.002643
v -0.618432 0.327958 0.000000
v -0.609452 0.329000 -0.009023
v -0.612082 0.328695 -0.002643
v -0.701500 0.331955 0.000000
v -0.710535 0.332000 -0.009023
v -0.707889 0.331987 -0.002643
v -0.609869 0.336667 -0.009023
v -0.618905 0.336660 0.000000
v -0.612515 0.336665 -0.002643
v -0.609401 0.345505 -0.009023
v -0.618383 0.346519 0.000000
v -0.612032 0.345802 -0.002643
v -0.616781 0.355733 0.000000
v -0.607998 0.353574 -0.009023
v -0.610571 0.354206 -0.002643
v -0.614040 0.364292 0.000000
v -0.605660 0.360875 -0.009023
v -0.608115 0.361876 -0.002643
v -0.602387 0.367407 -0.009023
v -0.610117 0.372121 0.000000
v -0.604651 0.368788 -0.002643
v -0.700337 0.352526 0.000000
v -0.709313 0.353602 -0.009023
v -0.706684 0.353287 -0.002643
v -0.598179 0.373171 -0.009023
v -0.605015 0.379110 0.000000
v -0.600181 0.374911 -0.002643
v -0.696888 0.371256 0.000000
v -0.705646 0.373518 -0.009023
v -0.703081 0.372856 -0.002643
v -0.598792 0.385153 0.000000
v -0.593035 0.378167 -0.009023
v -0.594722 0.380213 -0.002643
v -0.591553 0.390187 0.000000
v -0.586957 0.382394 -0.009023
v -0.588303 0.384676 -0.002643
v -0.579943 0.385852 -0.009023
v -0.583399 0.394208 0.000000
v -0.580955 0.388299 -0.002643
v -0.571994 0.388542 -0.009023
v -0.574401 0.397253 0.000000
v -0.572699 0.391093 -0.002643
v -0.564405 0.399414 0.000000
v -0.563109 0.390463 -0.009023
v -0.563489 0.393085 -0.002643
v -0.691201 0.388223 0.000000
v -0.699535 0.391750 -0.009023
v -0.697094 0.390717 -0.002643
v -0.542588 0.401044 0.000000
v -0.542535 0.392000 -0.009023
v -0.542551 0.394649 -0.002643
v -0.683297 0.403510 0.000000
v -0.690980 0.408296 -0.009023
v -0.688730 0.406894 -0.002643
v -0.384535 0.411333 -0.009023
v -0.396654 0.411321 0.000000
v -0.388085 0.411330 -0.002643
v -0.520754 0.399670 0.000000
v -0.521943 0.390704 -0.009023
v -0.521595 0.393330 -0.002643
v -0.502832 0.386815 -0.009023
v -0.500619 0.395573 0.000000
v -0.502184 0.389380 -0.002643
v -0.495503 0.394022 0.000000
v -0.498285 0.385437 -0.009023
v -0.497470 0.387952 -0.002643
v -0.490717 0.392368 0.000000
v -0.493832 0.383898 -0.009023
v -0.492919 0.386379 -0.002643
v -0.486024 0.390538 0.000000
v -0.489470 0.382197 -0.009023
v -0.488461 0.384640 -0.002643
v -0.481235 0.388447 0.000000
v -0.485202 0.380333 -0.009023
v -0.484040 0.382710 -0.002643
v -0.469054 0.371556 -0.009023
v -0.464409 0.379301 0.000000
v -0.467693 0.373824 -0.002643
v -0.460156 0.376499 0.000000
v -0.465248 0.369049 -0.009024
v -0.463757 0.371231 -0.002643
v -0.456191 0.373689 0.000000
v -0.461535 0.366417 -0.009024
v -0.459970 0.368547 -0.002643
v -0.452326 0.370745 0.000000
v -0.457915 0.363660 -0.009024
v -0.456278 0.365735 -0.002643
v -0.454387 0.360778 -0.009023
v -0.448560 0.367668 0.000000
v -0.452680 0.362796 -0.002643
v -0.444894 0.364459 0.000000
v -0.450952 0.357771 -0.009024
v -0.449178 0.359730 -0.002643
v -0.441274 0.361068 0.000000
v -0.447609 0.354639 -0.009023
v -0.445754 0.356522 -0.002643
v -0.441202 0.348000 -0.009023
v -0.441452 0.361252 0.000000
v -0.441275 0.351882 -0.002643
v -0.395337 0.409855 0.000000
v -0.388753 0.416028 -0.009023
v -0.390681 0.414220 -0.002643
v -0.399499 0.414108 0.000000
v -0.393183 0.420556 -0.009023
v -0.395033 0.418667 -0.002643
v -0.397827 0.424917 -0.009023
v -0.403867 0.418211 0.000000
v -0.399596 0.422953 -0.002643
v -0.673153 0.417214 0.000000
v -0.679980 0.423157 -0.009023
v -0.677980 0.421417 -0.002643
v -0.402683 0.429111 -0.009023
v -0.408441 0.422162 0.000000
v -0.404370 0.427076 -0.002643
v -0.413224 0.425961 0.000000
v -0.407753 0.433139 -0.009023
v -0.409355 0.431037 -0.002643
v -0.660703 0.429416 0.000000
v -0.666535 0.436333 -0.009023
v -0.664827 0.434307 -0.002643
v -0.418146 0.429559 0.000000
v -0.413035 0.437000 -0.009023
v -0.414532 0.434821 -0.002643
v -0.424239 0.444222 -0.009023
v -0.428914 0.436501 0.000000
v -0.425608 0.441961 -0.002643
v -0.434473 0.439656 0.000000
v -0.430160 0.447583 -0.009023
v -0.431423 0.445261 -0.002643
v -0.646123 0.439949 0.000000
v -0.650887 0.447639 -0.009023
v -0.649492 0.445387 -0.002643
v -0.440254 0.442666 0.000000
v -0.436295 0.450778 -0.009023
v -0.437454 0.448402 -0.002643
v -0.449202 0.456667 -0.009023
v -0.452729 0.448358 0.000000
v -0.450235 0.454233 -0.002643
v -0.629606 0.448625 0.000000
v -0.633276 0.456889 -0.009023
v -0.632201 0.454468 -0.002643
v -0.459106 0.450868 0.000000
v -0.455966 0.459329 -0.009023
v -0.456886 0.456851 -0.002643
v -0.465660 0.453157 0.000000
v -0.462924 0.461759 -0.009023
v -0.463726 0.459240 -0.002643
v -0.611089 0.455430 0.000000
v -0.613702 0.464083 -0.009023
v -0.612937 0.461549 -0.002643
v -0.477424 0.465926 -0.009023
v -0.479684 0.457187 0.000000
v -0.478086 0.463366 -0.002643
v -0.486838 0.458834 0.000000
v -0.484966 0.467662 -0.009024
v -0.485514 0.465076 -0.002643
v -0.494277 0.460281 0.000000
v -0.492702 0.469167 -0.009024
v -0.493163 0.466564 -0.002643
v -0.500633 0.470440 -0.009024
v -0.501920 0.461508 0.000000
v -0.501010 0.467824 -0.002643
v -0.509575 0.462489 0.000000
v -0.508758 0.471481 -0.009023
v -0.508997 0.468848 -0.002643
v -0.590526 0.460337 0.000000
v -0.592165 0.469222 -0.009023
v -0.591685 0.466620 -0.002643
v -0.567895 0.463306 0.000000
v -0.568665 0.472306 -0.009023
v -0.568439 0.469670 -0.002643
v -0.543262 0.464301 0.000000
v -0.543202 0.473333 -0.009023
v -0.543220 0.470688 -0.002643
v -0.557226 -0.001999 -0.310000
v -0.557202 -0.008000 -0.304000
v -0.557209 -0.006242 -0.308243
v -0.566705 -0.001867 -0.310000
v -0.566873 -0.007866 -0.303999
v -0.566824 -0.006109 -0.308242
v -0.542841 -0.007685 -0.303999
v -0.543040 -0.001688 -0.310000
v -0.542899 -0.005929 -0.308242
v -0.576332 -0.007463 -0.303999
v -0.575988 -0.001472 -0.310000
v -0.576231 -0.005708 -0.308242
v -0.535889 -0.007292 -0.304000
v -0.536301 -0.001305 -0.310000
v -0.536010 -0.005538 -0.308242
v -0.529690 -0.000770 -0.310000
v -0.529091 -0.006741 -0.304000
v -0.529266 -0.004992 -0.308243
v -0.585577 -0.006792 -0.303999
v -0.585050 -0.000814 -0.310000
v -0.585423 -0.005041 -0.308242
v -0.593842 0.000101 -0.310000
v -0.594609 -0.005852 -0.304000
v -0.594384 -0.004108 -0.308243
v -0.515952 -0.005167 -0.304000
v -0.516787 0.000776 -0.310000
v -0.516197 -0.003426 -0.308243
v -0.509612 -0.004144 -0.303999
v -0.510651 0.001766 -0.310000
v -0.509916 -0.002413 -0.308242
v -0.504773 0.002888 -0.310000
v -0.503424 -0.002963 -0.304000
v -0.503819 -0.001249 -0.308243
v -0.612035 -0.003167 -0.304000
v -0.610967 0.002740 -0.310000
v -0.611722 -0.001437 -0.308243
v -0.620429 -0.001421 -0.304000
v -0.619101 0.004431 -0.310000
v -0.620040 0.000293 -0.308243
v -0.626894 0.006350 -0.310000
v -0.628609 0.000593 -0.304000
v -0.628107 0.002279 -0.308243
v -0.482047 0.009050 -0.310000
v -0.480202 0.003333 -0.304000
v -0.480742 0.005008 -0.308243
v -0.469489 0.007361 -0.304000
v -0.471727 0.012930 -0.310000
v -0.470144 0.008992 -0.308243
v -0.464348 0.009563 -0.303999
v -0.466795 0.015042 -0.310000
v -0.465064 0.011167 -0.308242
v -0.462014 0.017267 -0.310000
v -0.459350 0.011889 -0.304000
v -0.460130 0.013464 -0.308243
v -0.656933 0.016896 -0.310000
v -0.659202 0.011333 -0.304000
v -0.658537 0.012963 -0.308243
v -0.666308 0.014653 -0.304000
v -0.663673 0.020044 -0.310000
v -0.665536 0.016232 -0.308243
v -0.449785 0.016917 -0.304000
v -0.452710 0.022158 -0.310000
v -0.450642 0.018452 -0.308243
v -0.673183 0.018167 -0.304000
v -0.670355 0.023459 -0.310000
v -0.672355 0.019717 -0.308243
v -0.445218 0.019618 -0.303999
v -0.448361 0.024730 -0.310000
v -0.446139 0.021115 -0.308242
v -0.444250 0.027357 -0.310000
v -0.440795 0.022444 -0.304000
v -0.441807 0.023883 -0.308243
v -0.679827 0.021875 -0.304000
v -0.676804 0.027059 -0.310000
v -0.678942 0.023393 -0.308243
v -0.682867 0.030750 -0.310000
v -0.686239 0.025778 -0.304000
v -0.685251 0.027234 -0.308243
v -0.428550 0.039480 -0.310000
v -0.424535 0.035000 -0.304000
v -0.425711 0.036312 -0.308243
v -0.705668 0.047904 -0.310000
v -0.709572 0.043333 -0.304000
v -0.708429 0.044672 -0.308243
v -0.415318 0.053208 -0.310000
v -0.410683 0.049370 -0.304000
v -0.412041 0.050494 -0.308243
v -0.719850 0.053278 -0.304000
v -0.715541 0.057457 -0.310000
v -0.718588 0.054502 -0.308243
v -0.724642 0.058542 -0.304000
v -0.720119 0.062486 -0.310000
v -0.723317 0.059697 -0.308243
v -0.404512 0.068464 -0.310000
v -0.399350 0.065370 -0.304000
v -0.400862 0.066276 -0.308243
v -0.721250 0.063840 -0.310000
v -0.729202 0.064000 -0.304000
v -0.726873 0.063953 -0.308243
v -0.542350 0.073778 -0.304000
v -0.541866 0.067796 -0.310000
v -0.542208 0.072026 -0.308243
v -0.547755 0.067448 -0.310000
v -0.547989 0.073444 -0.304000
v -0.547921 0.071688 -0.308243
v -0.554026 0.067329 -0.310000
v -0.553869 0.073333 -0.304000
v -0.553915 0.071575 -0.308243
v -0.575339 0.068849 -0.310000
v -0.574646 0.074815 -0.304000
v -0.574849 0.073067 -0.308243
v -0.579806 0.075648 -0.304000
v -0.580867 0.069742 -0.310000
v -0.580117 0.073918 -0.308243
v -0.586220 0.070801 -0.310000
v -0.584952 0.076667 -0.304000
v -0.585323 0.074949 -0.308243
v -0.590084 0.077870 -0.303999
v -0.591555 0.072053 -0.310000
v -0.590515 0.076166 -0.308242
v -0.596873 0.073496 -0.310000
v -0.595202 0.079259 -0.304000
v -0.595691 0.077571 -0.308243
v -0.600306 0.080833 -0.303999
v -0.602171 0.075130 -0.310000
v -0.600852 0.079163 -0.308242
v -0.605396 0.082593 -0.304000
v -0.607496 0.076970 -0.310000
v -0.606011 0.080946 -0.308243
v -0.617916 0.081157 -0.310000
v -0.615535 0.086667 -0.304000
v -0.616232 0.085053 -0.308243
v -0.620556 0.088991 -0.304000
v -0.623182 0.083594 -0.310000
v -0.621325 0.087410 -0.308243
v -0.625508 0.091519 -0.304000
v -0.628388 0.086252 -0.310000
v -0.626351 0.089976 -0.308243
v -0.638374 0.092089 -0.310000
v -0.635202 0.097185 -0.304000
v -0.636131 0.095693 -0.308243
v -0.639945 0.100324 -0.304000
v -0.643347 0.095381 -0.310000
v -0.640942 0.098876 -0.308243
v -0.644619 0.103667 -0.304000
v -0.648238 0.098879 -0.310000
v -0.645679 0.102264 -0.308243
v -0.657735 0.106461 -0.310000
v -0.653758 0.110963 -0.304000
v -0.654923 0.109644 -0.308243
v -0.670938 0.119356 -0.310000
v -0.671202 0.128000 -0.304000
v -0.671125 0.125468 -0.308243
v -0.531795 0.075111 -0.304000
v -0.530668 0.069213 -0.310000
v -0.531465 0.073384 -0.308243
v -0.536952 0.074333 -0.304000
v -0.536197 0.068379 -0.310000
v -0.536731 0.072589 -0.308243
v -0.522202 0.077333 -0.304000
v -0.520502 0.071568 -0.310000
v -0.521704 0.075645 -0.308243
v -0.396026 0.085436 -0.310000
v -0.390535 0.083000 -0.304000
v -0.392143 0.083713 -0.308243
v -0.513572 0.080444 -0.304000
v -0.511156 0.074938 -0.310000
v -0.512865 0.078832 -0.308243
v -0.394353 0.089728 -0.310000
v -0.388725 0.087646 -0.303999
v -0.390374 0.088256 -0.308242
v -0.387072 0.092361 -0.303999
v -0.392769 0.094249 -0.310000
v -0.388741 0.092914 -0.308242
v -0.499202 0.089333 -0.304000
v -0.495285 0.084764 -0.310000
v -0.498055 0.087995 -0.308243
v -0.502733 0.079332 -0.310000
v -0.505906 0.084444 -0.304000
v -0.504976 0.082947 -0.308243
v -0.488993 0.091076 -0.310000
v -0.493498 0.095056 -0.304000
v -0.492179 0.093890 -0.308243
v -0.385577 0.097146 -0.303999
v -0.391334 0.098838 -0.310000
v -0.387263 0.097642 -0.308242
v -0.390050 0.103497 -0.310000
v -0.384239 0.102000 -0.304000
v -0.385941 0.102438 -0.308243
v -0.486083 0.094801 -0.310000
v -0.491035 0.098208 -0.304000
v -0.489585 0.097210 -0.308243
v -0.388916 0.108225 -0.310000
v -0.383058 0.106924 -0.303999
v -0.384774 0.107305 -0.308242
v -0.382035 0.111917 -0.304000
v -0.387943 0.112977 -0.310000
v -0.383766 0.112227 -0.308243
v -0.481504 0.102405 -0.310000
v -0.486887 0.105097 -0.304000
v -0.485311 0.104309 -0.308243
v -0.483776 0.112764 -0.304000
v -0.478053 0.110910 -0.310000
v -0.482100 0.112221 -0.308243
v -0.380461 0.122111 -0.304000
v -0.386413 0.122885 -0.310000
v -0.382204 0.122338 -0.308243
v -0.379910 0.127313 -0.303999
v -0.385887 0.127852 -0.310000
v -0.381661 0.127470 -0.308242
v -0.481702 0.121208 -0.304000
v -0.475783 0.120153 -0.310000
v -0.479968 0.120899 -0.308243
v -0.474666 0.130084 -0.310000
v -0.480665 0.130431 -0.304000
v -0.478908 0.130329 -0.308243
v -0.379517 0.132583 -0.304000
v -0.385510 0.132895 -0.310000
v -0.381272 0.132675 -0.308243
v -0.474634 0.139667 -0.310000
v -0.480635 0.139361 -0.304000
v -0.478877 0.139451 -0.308243
v -0.481431 0.146917 -0.304000
v -0.475503 0.147910 -0.310000
v -0.479695 0.147208 -0.308243
v -0.385206 0.143278 -0.310000
v -0.379202 0.143333 -0.304000
v -0.380961 0.143317 -0.308243
v -0.479977 0.162610 -0.310000
v -0.485413 0.160028 -0.304000
v -0.483821 0.160784 -0.308243
v -0.386032 0.160546 -0.310000
v -0.380054 0.161148 -0.304000
v -0.381805 0.160972 -0.308243
v -0.477272 0.155565 -0.310000
v -0.483024 0.153806 -0.304000
v -0.481339 0.154321 -0.308243
v -0.488598 0.165583 -0.304000
v -0.483575 0.168885 -0.310000
v -0.487127 0.166550 -0.308243
v -0.490489 0.168111 -0.304000
v -0.485907 0.172002 -0.310000
v -0.489147 0.169251 -0.308243
v -0.496899 0.181717 -0.310000
v -0.500193 0.176685 -0.304000
v -0.499228 0.178159 -0.308243
v -0.388485 0.176437 -0.310000
v -0.382609 0.177704 -0.304000
v -0.384330 0.177333 -0.308243
v -0.494869 0.172667 -0.304000
v -0.490874 0.177169 -0.310000
v -0.493699 0.173985 -0.308243
v -0.506609 0.180296 -0.304000
v -0.503953 0.185686 -0.310000
v -0.505831 0.181875 -0.308243
v -0.514119 0.183500 -0.304000
v -0.512010 0.189124 -0.310000
v -0.513501 0.185147 -0.308243
v -0.522721 0.186296 -0.304000
v -0.521211 0.192115 -0.310000
v -0.522278 0.188000 -0.308243
v -0.392544 0.191014 -0.310000
v -0.386869 0.193000 -0.304000
v -0.388531 0.192418 -0.308243
v -0.621035 0.205563 -0.304000
v -0.619402 0.211357 -0.310000
v -0.620557 0.207260 -0.308243
v -0.398191 0.204307 -0.310000
v -0.392832 0.207037 -0.304000
v -0.394401 0.206238 -0.308243
v -0.638072 0.211896 -0.304000
v -0.635654 0.217398 -0.310000
v -0.637364 0.213507 -0.308243
v -0.400498 0.219815 -0.304000
v -0.405478 0.216453 -0.310000
v -0.401957 0.218830 -0.308243
v -0.409567 0.221862 -0.310000
v -0.404970 0.225731 -0.304000
v -0.406317 0.224598 -0.308243
v -0.653183 0.219618 -0.304000
v -0.650099 0.224780 -0.310000
v -0.652280 0.221130 -0.308243
v -0.662597 0.233416 -0.310000
v -0.666369 0.228729 -0.304000
v -0.665264 0.230102 -0.308243
v -0.419277 0.232239 -0.310000
v -0.415160 0.236620 -0.304000
v -0.416366 0.235337 -0.308243
v -0.682535 0.245000 -0.304000
v -0.677774 0.248663 -0.310000
v -0.681141 0.246073 -0.308243
v -0.430364 0.241390 -0.310000
v -0.426827 0.246250 -0.304000
v -0.427863 0.244826 -0.308243
v -0.673282 0.243381 -0.310000
v -0.677628 0.239229 -0.304000
v -0.676355 0.240445 -0.308243
v -0.442879 0.249379 -0.310000
v -0.439938 0.254620 -0.304000
v -0.440799 0.253085 -0.308243
v -0.685958 0.260452 -0.310000
v -0.691091 0.257324 -0.304000
v -0.689588 0.258240 -0.308243
v -0.456847 0.256204 -0.310000
v -0.454494 0.261731 -0.304000
v -0.455183 0.260112 -0.308243
v -0.472355 0.261875 -0.310000
v -0.470494 0.267583 -0.304000
v -0.471039 0.265911 -0.308243
v -0.480565 0.264234 -0.310000
v -0.479035 0.270037 -0.304000
v -0.479483 0.268337 -0.308243
v -0.692624 0.273016 -0.310000
v -0.698091 0.270519 -0.304000
v -0.696490 0.271250 -0.308243
v -0.487938 0.272176 -0.304000
v -0.489219 0.266313 -0.310000
v -0.488313 0.270459 -0.308243
v -0.497202 0.274000 -0.304000
v -0.498271 0.268096 -0.310000
v -0.497515 0.272271 -0.308243
v -0.545869 0.282667 -0.304000
v -0.546926 0.276761 -0.310000
v -0.546178 0.280937 -0.308243
v -0.552583 0.277825 -0.310000
v -0.551403 0.283708 -0.304000
v -0.551749 0.281985 -0.308242
v -0.697816 0.286428 -0.310000
v -0.703535 0.284583 -0.304000
v -0.701860 0.285124 -0.308243
v -0.556674 0.284833 -0.303999
v -0.558003 0.278982 -0.310000
v -0.557063 0.283119 -0.308242
v -0.563317 0.280264 -0.310000
v -0.561681 0.286042 -0.304000
v -0.562160 0.284349 -0.308243
v -0.581281 0.286118 -0.310000
v -0.579070 0.291708 -0.304000
v -0.579718 0.290071 -0.308243
v -0.589016 0.289744 -0.310000
v -0.586181 0.295042 -0.304000
v -0.587012 0.293490 -0.308243
v -0.595685 0.293782 -0.310000
v -0.592237 0.298708 -0.304000
v -0.593247 0.297265 -0.308243
v -0.701536 0.300716 -0.310000
v -0.707424 0.299518 -0.304000
v -0.705700 0.299869 -0.308243
v -0.601410 0.298384 -0.310000
v -0.597264 0.302750 -0.304000
v -0.598479 0.301471 -0.308243
v -0.606163 0.303707 -0.310000
v -0.601431 0.307417 -0.304000
v -0.602817 0.306330 -0.308243
v -0.608364 0.306919 -0.310000
v -0.603202 0.310000 -0.304000
v -0.604714 0.309097 -0.308243
v -0.703778 0.315903 -0.310000
v -0.709758 0.315324 -0.304000
v -0.708006 0.315494 -0.308243
v -0.611670 0.313342 -0.310000
v -0.606119 0.315667 -0.304000
v -0.607745 0.314986 -0.308243
v -0.614034 0.320528 -0.310000
v -0.608202 0.322000 -0.304000
v -0.609910 0.321569 -0.308243
v -0.615423 0.328307 -0.310000
v -0.609452 0.329000 -0.304000
v -0.611201 0.328797 -0.308243
v -0.704527 0.331970 -0.310000
v -0.710535 0.332000 -0.304000
v -0.708776 0.331991 -0.308243
v -0.615877 0.336662 -0.310000
v -0.609869 0.336667 -0.304000
v -0.611629 0.336665 -0.308243
v -0.609401 0.345505 -0.304000
v -0.615374 0.346179 -0.310000
v -0.611150 0.345702 -0.308243
v -0.613839 0.355010 -0.310000
v -0.607998 0.353574 -0.304000
v -0.609709 0.353995 -0.308243
v -0.703344 0.352886 -0.310000
v -0.709313 0.353602 -0.304000
v -0.707565 0.353392 -0.308243
v -0.611233 0.363147 -0.310000
v -0.605660 0.360875 -0.304000
v -0.607292 0.361541 -0.308243
v -0.607528 0.370542 -0.310000
v -0.602387 0.367407 -0.304000
v -0.603893 0.368325 -0.308243
v -0.598179 0.373171 -0.304000
v -0.602724 0.377121 -0.310000
v -0.599510 0.374328 -0.308243
v -0.699822 0.372014 -0.310000
v -0.705646 0.373518 -0.304000
v -0.703941 0.373078 -0.308243
v -0.596864 0.382813 -0.310000
v -0.593035 0.378167 -0.304000
v -0.594157 0.379527 -0.308243
v -0.590013 0.387576 -0.310000
v -0.586957 0.382394 -0.304000
v -0.587852 0.383911 -0.308243
v -0.582241 0.391408 -0.310000
v -0.579943 0.385852 -0.304000
v -0.580616 0.387479 -0.308243
v -0.571994 0.388542 -0.304000
v -0.573594 0.394334 -0.310000
v -0.572462 0.390238 -0.308243
v -0.563971 0.396415 -0.310000
v -0.563109 0.390463 -0.304000
v -0.563362 0.392206 -0.308243
v -0.693993 0.389405 -0.310000
v -0.699535 0.391750 -0.304000
v -0.697912 0.391063 -0.308243
v -0.542570 0.398014 -0.310000
v -0.542535 0.392000 -0.304000
v -0.542546 0.393761 -0.308243
v -0.685871 0.405113 -0.310000
v -0.690980 0.408296 -0.304000
v -0.689483 0.407364 -0.308243
v -0.392594 0.411325 -0.310000
v -0.384535 0.411333 -0.304000
v -0.386896 0.411331 -0.308243
v -0.521152 0.396666 -0.310000
v -0.521943 0.390704 -0.304000
v -0.521711 0.392450 -0.308243
v -0.501360 0.392638 -0.310000
v -0.502832 0.386815 -0.304000
v -0.502401 0.388520 -0.308243
v -0.498285 0.385437 -0.304000
v -0.496436 0.391146 -0.310000
v -0.497744 0.387110 -0.308243
v -0.493832 0.383898 -0.304000
v -0.491760 0.389530 -0.310000
v -0.493225 0.385548 -0.308243
v -0.489470 0.382197 -0.304000
v -0.487179 0.387743 -0.310000
v -0.488799 0.383821 -0.308243
v -0.482564 0.385729 -0.310000
v -0.485202 0.380333 -0.304000
v -0.484429 0.381914 -0.308243
v -0.465965 0.376706 -0.310000
v -0.469054 0.371556 -0.304000
v -0.468149 0.373064 -0.308243
v -0.465248 0.369049 -0.303999
v -0.461862 0.374003 -0.310000
v -0.464256 0.370500 -0.308242
v -0.461535 0.366417 -0.303999
v -0.457982 0.371252 -0.310000
v -0.460495 0.367833 -0.308242
v -0.457915 0.363660 -0.303999
v -0.454198 0.368371 -0.310000
v -0.456826 0.365040 -0.308242
v -0.450512 0.365360 -0.310000
v -0.454387 0.360778 -0.304000
v -0.453252 0.362120 -0.308243
v -0.450952 0.357771 -0.303999
v -0.446924 0.362219 -0.310000
v -0.449772 0.359074 -0.308242
v -0.447609 0.354639 -0.304000
v -0.443397 0.358914 -0.310000
v -0.446376 0.355891 -0.308243
v -0.441368 0.356812 -0.310000
v -0.441202 0.348000 -0.304000
v -0.441251 0.350581 -0.308243
v -0.393131 0.411923 -0.310000
v -0.388753 0.416028 -0.304000
v -0.390035 0.414825 -0.308243
v -0.393183 0.420556 -0.304000
v -0.397383 0.416269 -0.310000
v -0.394414 0.419300 -0.308243
v -0.675440 0.419205 -0.310000
v -0.679980 0.423157 -0.304000
v -0.678650 0.422000 -0.308243
v -0.397827 0.424917 -0.304000
v -0.401844 0.420458 -0.310000
v -0.399003 0.423611 -0.308243
v -0.406512 0.424490 -0.310000
v -0.402683 0.429111 -0.304000
v -0.403805 0.427758 -0.308243
v -0.411391 0.428366 -0.310000
v -0.407753 0.433139 -0.304000
v -0.408819 0.431741 -0.308243
v -0.666535 0.436333 -0.304000
v -0.662657 0.431733 -0.310000
v -0.665399 0.434986 -0.308243
v -0.413035 0.437000 -0.304000
v -0.416434 0.432052 -0.310000
v -0.414031 0.435551 -0.308243
v -0.427348 0.439088 -0.310000
v -0.424239 0.444222 -0.304000
v -0.425150 0.442718 -0.308243
v -0.433028 0.442312 -0.310000
v -0.430160 0.447583 -0.304000
v -0.431000 0.446039 -0.308243
v -0.647719 0.442525 -0.310000
v -0.650887 0.447639 -0.304000
v -0.649959 0.446141 -0.308243
v -0.436295 0.450778 -0.304000
v -0.438927 0.445384 -0.310000
v -0.437066 0.449198 -0.308243
v -0.451548 0.451142 -0.310000
v -0.449202 0.456667 -0.304000
v -0.449889 0.455049 -0.308243
v -0.458055 0.453703 -0.310000
v -0.455966 0.459329 -0.304000
v -0.456578 0.457681 -0.308243
v -0.462924 0.461759 -0.304000
v -0.464744 0.456039 -0.310000
v -0.463457 0.460084 -0.308243
v -0.630836 0.451393 -0.310000
v -0.633276 0.456889 -0.304000
v -0.632561 0.455279 -0.308243
v -0.611965 0.458329 -0.310000
v -0.613702 0.464083 -0.304000
v -0.613193 0.462398 -0.308243
v -0.478927 0.460115 -0.310000
v -0.477424 0.465926 -0.304000
v -0.477864 0.464224 -0.308243
v -0.486211 0.461792 -0.310000
v -0.484966 0.467662 -0.303999
v -0.485331 0.465943 -0.308242
v -0.492702 0.469167 -0.303999
v -0.493750 0.463258 -0.310000
v -0.493009 0.467436 -0.308242
v -0.591076 0.463314 -0.310000
v -0.592165 0.469222 -0.304000
v -0.591846 0.467492 -0.308243
v -0.500633 0.470440 -0.303999
v -0.501489 0.464500 -0.310000
v -0.500883 0.468700 -0.308242
v -0.509301 0.465502 -0.310000
v -0.508758 0.471481 -0.304000
v -0.508917 0.469730 -0.308243
v -0.568153 0.466321 -0.310000
v -0.568665 0.472306 -0.304000
v -0.568515 0.470553 -0.308243
v -0.543242 0.467327 -0.310000
v -0.543202 0.473333 -0.304000
v -0.543214 0.471574 -0.308243
vn -0.9937 0.1117 -0.0000
vn 0.9828 -0.1846 -0.0000
vn 0.3796 -0.9252 -0.0000
vn 0.5740 0.8188 -0.0000
vn 0.0711 0.9975 -0.0000
vn -0.6820 -0.7313 -0.0000
vn 0.3117 0.9502 -0.0000
vn -0.7083 0.7060 -0.0000
vn -0.3484 -0.9373 -0.0000
vn -0.8215 -0.5703 -0.0000
vn 0.8944 -0.4472 -0.0000
vn -0.8038 0.5949 -0.0000
vn -0.4776 -0.8786 -0.0000
vn -0.4650 0.8853 -0.0000
vn 0.3423 0.9396 -0.0000
vn 0.5180 0.8554 -0.0000
vn 0.4462 0.8950 -0.0000
vn 0.4422 -0.8969 -0.0000
vn -0.7618 -0.6478 -0.0000
vn -0.7410 0.6715 -0.0000
vn 0.9844 0.1758 -0.0000
vn -0.0803 0.9968 -0.0000
vn -0.1301 0.9915 -0.0000
vn 0.9492 -0.3146 -0.0000
vn -0.9677 -0.2520 -0.0000
vn -0.5922 -0.8058 -0.0000
vn -0.8007 -0.5991 -0.0000
vn -0.7880 0.6156 -0.0000
vn -0.9266 0.3760 -0.0000
vn 0.6998 0.7144 -0.0000
vn -0.6012 -0.7991 -0.0000
vn 0.7459 0.6660 -0.0000
vn -0.9482 0.3178 -0.0000
vn -0.3450 0.9386 -0.0000
vn 0.6112 -0.7915 -0.0000
vn 0.7452 -0.6668 -0.0000
vn 0.8248 0.5654 -0.0000
vn 0.3098 0.9508 -0.0000
vn -0.8675 -0.4974 -0.0000
vn -0.0403 0.9992 -0.0000
vn -0.6024 -0.7982 -0.0000
vn 0.0537 0.9986 -0.0000
vn 0.4945 -0.8692 -0.0000
vn 0.9634 0.2682 -0.0000
vn 0.9499 0.3125 -0.0000
vn 0.8160 -0.5780 -0.0000
vn -0.9945 -0.1048 -0.0000
vn 0.6366 0.7712 -0.0000
vn -0.9326 -0.3610 -0.0000
vn -0.6999 0.7142 -0.0000
vn -0.5892 0.8080 -0.0000
vn -0.2257 0.9742 -0.0000
vn 0.3435 0.9392 -0.0000
vn -0.3092 -0.9510 -0.0000
vn -0.5685 -0.8227 -0.0000
vn 0.4716 0.8818 -0.0000
vn 0.8575 0.5145 -0.0000
vn 0.9982 -0.0592 -0.0000
vn 0.1746 0.9846 -0.0000
vn 0.5381 0.8429 -0.0000
vn 0.4390 0.8985 -0.0000
vn 0.2617 -0.9652 -0.0000
vn -0.9743 -0.2252 -0.0000
vn -0.5856 0.8106 -0.0000
vn 0.9986 -0.0528 -0.0000
vn -0.4904 -0.8715 -0.0000
vn -0.0628 -0.9980 -0.0000
vn -0.8834 -0.4687 -0.0000
vn 0.6987 0.7154 -0.0000
vn 0.2113 0.9774 -0.0000
vn -0.9989 -0.0466 -0.0000
vn -0.3451 -0.9386 -0.0000
vn -0.2321 0.9727 -0.0000
vn 0.5961 0.8029 -0.0000
vn 0.9883 0.1526 -0.0000
vn 0.9524 -0.3050 -0.0000
vn -0.9835 0.1811 -0.0000
vn 0.8076 -0.5897 -0.0000
vn 0.6967 -0.7174 -0.0000
vn -0.6959 -0.7181 -0.0000
vn -0.9893 -0.1460 -0.0000
vn 0.8940 -0.4480 -0.0000
vn 0.5709 -0.8210 -0.0000
vn 0.3205 -0.9472 -0.0000
vn 0.2114 -0.9774 -0.0000
vn 0.0745 -0.9972 -0.0000
vn -0.8883 0.4593 -0.0000
vn -0.7209 -0.6931 -0.0000
vn -0.9984 0.0565 -0.0000
vn -0.9336 -0.3584 -0.0000
vn -0.9711 0.2385 -0.0000
vn 0.9204 0.3910 -0.0000
vn -0.3313 -0.9435 -0.0000
vn -1.0000 0.0034 -0.0000
vn -0.1862 -0.9825 -0.0000
vn -0.1994 -0.9799 -0.0000
vn -0.4626 0.8866 -0.0000
vn -0.3391 0.9407 -0.0000
vn 0.7302 0.6833 -0.0000
vn 0.7977 0.6030 -0.0000
vn -0.1923 -0.9813 -0.0000
vn 0.4244 0.9055 -0.0000
vn -0.3924 -0.9198 -0.0000
vn 0.7200 -0.6940 -0.0000
vn 0.8891 0.4576 -0.0000
vn 0.0448 -0.9990 -0.0000
vn -0.4712 -0.8820 -0.0000
vn -0.7251 -0.6887 -0.0000
vn -0.8567 0.5159 -0.0000
vn 0.9985 0.0543 -0.0000
vn 0.6265 0.7794 -0.0000
vn -0.4551 -0.8905 -0.0000
vn 0.9989 0.0478 -0.0000
vn 0.9852 -0.1713 -0.0000
vn 0.1456 -0.9893 -0.0000
vn 0.1984 0.9801 -0.0000
vn -0.0053 -0.3827 0.9239
vn -0.0128 -0.9238 0.3827
vn 0.0217 -0.3821 0.9239
vn 0.0522 -0.9224 0.3826
vn 0.0084 -0.3826 0.9239
vn 0.0203 -0.9237 0.3827
vn 0.0309 -0.3814 0.9239
vn 0.0746 -0.9209 0.3827
vn 0.0610 -0.3778 0.9239
vn 0.1472 -0.9121 0.3827
vn 0.0455 -0.3800 0.9239
vn 0.1099 -0.9173 0.3827
vn -0.0396 -0.3807 0.9239
vn -0.0956 -0.9189 0.3827
vn 0.0717 -0.3759 0.9239
vn 0.1731 -0.9075 0.3827
vn -0.0915 -0.3716 0.9239
vn -0.2208 -0.8971 0.3827
vn -0.0779 -0.3747 0.9239
vn -0.1881 -0.9045 0.3827
vn 0.1001 -0.3693 0.9239
vn 0.2418 -0.8917 0.3827
vn 0.1507 -0.3518 0.9239
vn 0.3637 -0.8493 0.3827
vn 0.1347 -0.3582 0.9239
vn 0.3251 -0.8648 0.3827
vn 0.1615 -0.3470 0.9239
vn 0.3898 -0.8376 0.3827
vn 0.1949 -0.3294 0.9239
vn 0.4704 -0.7952 0.3827
vn 0.1781 -0.3387 0.9239
vn 0.4299 -0.8178 0.3827
vn -0.1742 -0.3408 0.9239
vn -0.4205 -0.8227 0.3827
vn -0.1620 -0.3467 0.9239
vn -0.3910 -0.8371 0.3827
vn 0.2060 -0.3225 0.9239
vn 0.4974 -0.7786 0.3827
vn -0.1990 -0.3269 0.9239
vn -0.4804 -0.7892 0.3827
vn 0.2339 -0.3029 0.9239
vn 0.5647 -0.7312 0.3827
vn 0.2755 -0.2656 0.9239
vn 0.6652 -0.6412 0.3827
vn -0.2830 -0.2576 0.9239
vn -0.6832 -0.6219 0.3827
vn 0.3123 -0.2212 0.9239
vn 0.7539 -0.5340 0.3827
vn -0.0072 0.3826 0.9239
vn -0.0175 0.9237 0.3827
vn 0.0610 0.3778 0.9239
vn 0.1473 0.9121 0.3827
vn 0.0272 0.3817 0.9239
vn 0.0657 0.9215 0.3827
vn 0.0743 0.3754 0.9239
vn 0.1794 0.9063 0.3827
vn 0.0874 0.3726 0.9239
vn 0.2109 0.8995 0.3827
vn 0.1128 0.3657 0.9239
vn 0.2722 0.8829 0.3827
vn 0.1003 0.3693 0.9239
vn 0.2420 0.8916 0.3827
vn 0.1250 0.3617 0.9239
vn 0.3018 0.8732 0.3827
vn 0.1608 0.3473 0.9239
vn 0.3881 0.8384 0.3827
vn 0.1427 0.3551 0.9239
vn 0.3445 0.8573 0.3827
vn 0.1740 0.3408 0.9239
vn 0.4201 0.8229 0.3827
vn 0.2112 0.3191 0.9239
vn 0.5099 0.7704 0.3827
vn 0.1931 0.3304 0.9239
vn 0.4662 0.7976 0.3827
vn 0.2226 0.3113 0.9239
vn 0.5375 0.7515 0.3827
vn 0.2388 0.2991 0.9239
vn 0.5764 0.7220 0.3827
vn -0.2836 0.2570 0.9239
vn -0.6846 0.6204 0.3827
vn 0.2674 0.2738 0.9239
vn 0.6455 0.6610 0.3827
vn -0.0226 0.3820 0.9239
vn -0.0545 0.9223 0.3827
vn -0.0392 0.3807 0.9239
vn -0.0946 0.9190 0.3827
vn -0.0571 0.3784 0.9239
vn -0.1378 0.9135 0.3827
vn -0.1298 0.3600 0.9239
vn -0.3133 0.8691 0.3827
vn -0.1770 0.3393 0.9239
vn -0.4274 0.8191 0.3827
vn 0.3566 -0.1389 0.9239
vn 0.8609 -0.3354 0.3827
vn 0.3423 -0.1711 0.9239
vn 0.8263 -0.4132 0.3827
vn 0.3612 -0.1266 0.9239
vn 0.8719 -0.3056 0.3826
vn 0.3689 -0.1017 0.9239
vn 0.8907 -0.2456 0.3827
vn 0.3653 -0.1142 0.9239
vn 0.8818 -0.2756 0.3826
vn -0.3016 0.2356 0.9239
vn -0.7281 0.5688 0.3827
vn 0.3722 -0.0892 0.9239
vn 0.8984 -0.2153 0.3827
vn 0.3749 -0.0769 0.9239
vn 0.9051 -0.1855 0.3827
vn -0.3716 0.0913 0.9239
vn -0.8972 0.2204 0.3827
vn 0.3782 -0.0584 0.9239
vn 0.9131 -0.1410 0.3827
vn 0.3806 -0.0403 0.9239
vn 0.9188 -0.0973 0.3827
vn 0.3816 -0.0285 0.9239
vn 0.9213 -0.0688 0.3827
vn 0.3825 -0.0112 0.9239
vn 0.9235 -0.0270 0.3827
vn -0.3827 0.0013 0.9239
vn -0.9239 0.0031 0.3827
vn 0.3822 0.0183 0.9239
vn 0.9228 0.0441 0.3827
vn -0.3729 -0.0862 0.9239
vn -0.9001 -0.2081 0.3827
vn -0.3806 -0.0401 0.9239
vn -0.9188 -0.0968 0.3827
vn -0.3573 -0.1372 0.9239
vn -0.8625 -0.3311 0.3827
vn -0.3320 -0.1903 0.9239
vn -0.8015 -0.4595 0.3827
vn -0.2759 -0.2652 0.9239
vn -0.6660 -0.6403 0.3827
vn -0.2305 -0.3054 0.9239
vn -0.5566 -0.7374 0.3827
vn 0.3782 0.0584 0.9239
vn 0.9131 0.1409 0.3827
vn -0.1877 -0.3335 0.9239
vn -0.4531 -0.8051 0.3827
vn -0.0736 -0.3755 0.9239
vn -0.1777 -0.9066 0.3827
vn 0.3687 0.1027 0.9239
vn 0.8900 0.2478 0.3827
vn 0.3522 0.1496 0.9239
vn 0.8503 0.3612 0.3827
vn -0.1333 -0.3587 0.9239
vn -0.3219 -0.8660 0.3827
vn 0.3281 0.1969 0.9239
vn 0.7922 0.4753 0.3827
vn 0.3053 0.2308 0.9239
vn 0.7370 0.5571 0.3827
vn 0.2794 0.2615 0.9239
vn 0.6746 0.6313 0.3827
vn 0.2436 0.2951 0.9239
vn 0.5881 0.7125 0.3827
vn 0.2059 0.3226 0.9239
vn 0.4971 0.7787 0.3827
vn 0.1680 0.3438 0.9239
vn 0.4056 0.8301 0.3827
vn 0.1314 0.3594 0.9239
vn 0.3173 0.8677 0.3827
vn 0.1057 0.3678 0.9239
vn 0.2551 0.8880 0.3827
vn 0.0894 0.3721 0.9239
vn 0.2158 0.8983 0.3827
vn 0.0671 0.3768 0.9239
vn 0.1620 0.9096 0.3827
vn 0.0739 0.3755 0.9239
vn 0.1785 0.9065 0.3827
vn 0.0708 0.3761 0.9239
vn 0.1708 0.9080 0.3827
vn 0.0799 0.3743 0.9239
vn 0.1928 0.9035 0.3827
vn 0.0898 0.3720 0.9239
vn 0.2168 0.8981 0.3827
vn 0.1186 0.3639 0.9239
vn 0.2863 0.8784 0.3827
vn 0.1624 0.3465 0.9239
vn 0.3921 0.8365 0.3827
vn 0.1982 0.3274 0.9239
vn 0.4785 0.7903 0.3827
vn 0.2398 0.2983 0.9239
vn 0.5788 0.7201 0.3827
vn 0.3156 0.2164 0.9239
vn 0.7620 0.5224 0.3827
vn 0.2855 0.2549 0.9239
vn 0.6892 0.6153 0.3827
vn 0.3403 0.1751 0.9239
vn 0.8215 0.4228 0.3827
vn 0.3635 0.1196 0.9239
vn 0.8776 0.2887 0.3827
vn 0.3767 0.0673 0.9239
vn 0.9095 0.1624 0.3827
vn 0.3821 0.0208 0.9239
vn 0.9225 0.0501 0.3827
vn 0.3821 -0.0202 0.9239
vn 0.9226 -0.0488 0.3827
vn 0.3770 -0.0655 0.9239
vn 0.9102 -0.1582 0.3827
vn 0.3421 -0.1714 0.9239
vn 0.8260 -0.4139 0.3827
vn 0.3645 -0.1167 0.9239
vn 0.8799 -0.2818 0.3827
vn 0.3091 -0.2257 0.9239
vn 0.7462 -0.5448 0.3827
vn 0.2666 -0.2745 0.9239
vn 0.6437 -0.6628 0.3827
vn 0.1692 -0.3432 0.9239
vn 0.4086 -0.8286 0.3827
vn 0.2185 -0.3142 0.9239
vn 0.5274 -0.7585 0.3827
vn 0.1227 -0.3625 0.9239
vn 0.2961 -0.8751 0.3827
vn 0.0809 -0.3740 0.9239
vn 0.1953 -0.9030 0.3827
vn 0.0285 -0.3816 0.9239
vn 0.0688 -0.9213 0.3827
vn -0.0240 -0.3819 0.9239
vn -0.0580 -0.9221 0.3827
vn -0.0763 -0.3750 0.9239
vn -0.1842 -0.9053 0.3827
vn -0.1110 -0.3662 0.9239
vn -0.2679 -0.8842 0.3827
vn -0.1250 -0.3617 0.9239
vn -0.3018 -0.8732 0.3827
vn -0.1391 -0.3565 0.9239
vn -0.3358 -0.8607 0.3827
vn -0.1531 -0.3507 0.9239
vn -0.3696 -0.8467 0.3827
vn -0.1828 -0.3362 0.9239
vn -0.4412 -0.8117 0.3827
vn -0.2105 -0.3196 0.9239
vn -0.5082 -0.7716 0.3827
vn -0.2213 -0.3122 0.9239
vn -0.5343 -0.7537 0.3826
vn -0.2319 -0.3045 0.9239
vn -0.5597 -0.7350 0.3826
vn -0.2422 -0.2964 0.9239
vn -0.5846 -0.7154 0.3827
vn -0.2520 -0.2880 0.9239
vn -0.6085 -0.6952 0.3827
vn -0.2617 -0.2792 0.9239
vn -0.6318 -0.6741 0.3827
vn -0.2754 -0.2658 0.9239
vn -0.6648 -0.6416 0.3827
vn 0.2852 -0.2552 0.9239
vn 0.6885 -0.6160 0.3827
vn 0.2847 0.2558 0.9239
vn 0.6873 0.6174 0.3827
vn 0.2735 0.2676 0.9239
vn 0.6603 0.6462 0.3827
vn 0.2501 0.2896 0.9239
vn 0.6039 0.6992 0.3827
vn 0.2620 0.2789 0.9239
vn 0.6325 0.6734 0.3827
vn 0.2381 0.2996 0.9239
vn 0.5747 0.7234 0.3827
vn 0.2258 0.3089 0.9239
vn 0.5452 0.7459 0.3827
vn 0.2073 0.3216 0.9239
vn 0.5006 0.7765 0.3827
vn 0.1889 0.3328 0.9239
vn 0.4561 0.8035 0.3827
vn 0.1768 0.3394 0.9239
vn 0.4267 0.8194 0.3827
vn 0.1588 0.3482 0.9239
vn 0.3835 0.8405 0.3827
vn 0.1401 0.3561 0.9239
vn 0.3383 0.8597 0.3827
vn 0.1262 0.3613 0.9239
vn 0.3047 0.8722 0.3827
vn 0.2552 0.8879 0.3827
vn 0.0858 0.3730 0.9239
vn 0.2072 0.9004 0.3827
vn 0.0731 0.3757 0.9239
vn 0.1764 0.9069 0.3826
vn 0.0487 0.3796 0.9239
vn 0.1175 0.9164 0.3827
vn 0.0607 0.3779 0.9239
vn 0.1465 0.9122 0.3826
vn 0.0205 0.3821 0.9239
vn 0.0496 0.9225 0.3827
vn -0.0154 0.3824 0.9239
vn -0.0373 0.9231 0.3827
vn -0.0498 0.3794 0.9239
vn -0.1202 0.9160 0.3827
vn -0.0888 0.3722 0.9239
vn -0.2144 0.8987 0.3827
vn -0.1320 0.3592 0.9239
vn -0.3187 0.8672 0.3827
vn -0.1779 0.3388 0.9239
vn -0.4296 0.8179 0.3827
vn -0.2241 0.3102 0.9239
vn -0.5411 0.7489 0.3827
vn -0.2679 0.2733 0.9239
vn -0.6467 0.6598 0.3827
vn -0.3076 0.2277 0.9239
vn -0.7426 0.5497 0.3827
vn -0.3399 0.1758 0.9239
vn -0.8207 0.4243 0.3827
vn -0.3628 0.1216 0.9239
vn -0.8760 0.2936 0.3827
vn -0.3764 0.0693 0.9239
vn -0.9086 0.1673 0.3827
vn -0.3821 0.0216 0.9239
vn -0.9224 0.0522 0.3827
vn -0.3823 -0.0178 0.9239
vn -0.9229 -0.0430 0.3827
vn -0.3786 -0.0559 0.9239
vn -0.9140 -0.1349 0.3827
vn -0.3703 -0.0964 0.9239
vn -0.8941 -0.2328 0.3827
vn -0.3569 -0.1381 0.9239
vn -0.8616 -0.3335 0.3827
vn -0.3381 -0.1793 0.9239
vn -0.8161 -0.4330 0.3827
vn -0.3144 -0.2182 0.9239
vn -0.7589 -0.5269 0.3827
vn -0.2915 -0.2479 0.9239
vn -0.7038 -0.5985 0.3827
vn -0.2610 -0.2799 0.9239
vn -0.6301 -0.6757 0.3827
vn -0.2176 -0.3148 0.9239
vn -0.5252 -0.7601 0.3827
vn -0.1741 -0.3408 0.9239
vn -0.4204 -0.8227 0.3827
vn -0.1502 -0.3520 0.9239
vn -0.3625 -0.8498 0.3827
vn -0.1183 -0.3639 0.9239
vn -0.2856 -0.8786 0.3827
vn -0.3064 -0.2292 0.9239
vn -0.7398 -0.5535 0.3827
vn -0.3803 0.0428 0.9239
vn -0.9181 0.1032 0.3827
vn -0.3546 0.1439 0.9239
vn -0.8561 0.3474 0.3827
vn -0.3278 0.1974 0.9239
vn -0.7915 0.4766 0.3827
vn -0.2710 0.2702 0.9239
vn -0.6543 0.6522 0.3827
vn -0.2255 0.3092 0.9239
vn -0.5444 0.7465 0.3827
vn -0.0864 0.3728 0.9239
vn -0.2085 0.9000 0.3827
vn -0.2937 -0.2454 0.9239
vn -0.7090 -0.5923 0.3827
vn -0.2661 -0.2750 0.9239
vn -0.6424 -0.6640 0.3827
vn -0.2301 -0.3058 0.9239
vn -0.5555 -0.7383 0.3827
vn -0.1865 -0.3342 0.9239
vn -0.4503 -0.8067 0.3827
vn -0.1268 -0.3611 0.9239
vn -0.3061 -0.8717 0.3827
vn -0.0583 -0.3782 0.9239
vn -0.1407 -0.9131 0.3827
vn -0.0277 -0.3817 0.9239
vn -0.0669 -0.9215 0.3826
vn -0.0163 -0.3824 0.9239
vn -0.0393 -0.9231 0.3826
vn -0.0000 -0.0000 -1.0000
vn -0.0128 -0.9238 -0.3827
vn -0.0053 -0.3827 -0.9239
vn 0.0203 -0.9237 -0.3827
vn 0.0084 -0.3826 -0.9239
vn 0.0522 -0.9224 -0.3826
vn 0.0216 -0.3821 -0.9239
vn 0.0746 -0.9209 -0.3827
vn 0.0309 -0.3814 -0.9239
vn 0.1099 -0.9173 -0.3827
vn 0.0455 -0.3800 -0.9239
vn 0.1472 -0.9121 -0.3827
vn 0.0610 -0.3778 -0.9239
vn 0.1731 -0.9075 -0.3827
vn 0.0717 -0.3759 -0.9239
vn 0.2418 -0.8917 -0.3827
vn 0.1001 -0.3693 -0.9239
vn 0.3251 -0.8648 -0.3827
vn 0.1347 -0.3582 -0.9239
vn 0.3637 -0.8493 -0.3827
vn 0.1507 -0.3518 -0.9239
vn 0.3899 -0.8376 -0.3827
vn 0.1615 -0.3470 -0.9239
vn 0.4299 -0.8178 -0.3827
vn 0.1781 -0.3387 -0.9239
vn 0.4704 -0.7952 -0.3827
vn 0.1949 -0.3294 -0.9239
vn 0.4974 -0.7786 -0.3827
vn 0.2060 -0.3225 -0.9239
vn 0.5647 -0.7312 -0.3827
vn 0.2339 -0.3029 -0.9239
vn 0.6652 -0.6412 -0.3827
vn 0.2755 -0.2656 -0.9239
vn 0.7539 -0.5340 -0.3827
vn 0.3123 -0.2212 -0.9239
vn -0.0175 0.9237 -0.3827
vn -0.0072 0.3826 -0.9239
vn 0.0657 0.9215 -0.3827
vn 0.0272 0.3817 -0.9239
vn 0.1473 0.9121 -0.3827
vn 0.0610 0.3778 -0.9239
vn 0.2109 0.8995 -0.3827
vn 0.0874 0.3726 -0.9239
vn 0.1794 0.9063 -0.3827
vn 0.0743 0.3754 -0.9239
vn 0.2420 0.8916 -0.3827
vn 0.1003 0.3693 -0.9239
vn 0.2722 0.8829 -0.3827
vn 0.1128 0.3657 -0.9239
vn 0.3018 0.8732 -0.3827
vn 0.1250 0.3617 -0.9239
vn 0.3445 0.8573 -0.3827
vn 0.1427 0.3551 -0.9239
vn 0.3881 0.8384 -0.3827
vn 0.1607 0.3473 -0.9239
vn 0.4201 0.8229 -0.3827
vn 0.1740 0.3408 -0.9239
vn 0.4662 0.7976 -0.3827
vn 0.1931 0.3304 -0.9239
vn 0.5099 0.7704 -0.3827
vn 0.2112 0.3191 -0.9239
vn 0.5375 0.7515 -0.3827
vn 0.2226 0.3113 -0.9239
vn 0.5764 0.7220 -0.3827
vn 0.2388 0.2991 -0.9239
vn 0.6455 0.6610 -0.3827
vn 0.2674 0.2738 -0.9239
vn -0.6846 0.6204 -0.3827
vn -0.2836 0.2570 -0.9239
vn -0.1378 0.9136 -0.3827
vn -0.0571 0.3784 -0.9239
vn -0.0946 0.9190 -0.3827
vn -0.0392 0.3807 -0.9239
vn -0.2085 0.9000 -0.3827
vn -0.0864 0.3728 -0.9239
vn 0.8263 -0.4132 -0.3827
vn 0.3423 -0.1711 -0.9239
vn -0.3133 0.8691 -0.3827
vn -0.1298 0.3600 -0.9239
vn 0.8719 -0.3056 -0.3826
vn 0.3612 -0.1266 -0.9239
vn 0.8609 -0.3354 -0.3827
vn 0.3566 -0.1389 -0.9239
vn -0.5444 0.7465 -0.3827
vn -0.2255 0.3092 -0.9239
vn -0.4274 0.8191 -0.3827
vn -0.1770 0.3393 -0.9239
vn 0.8818 -0.2756 -0.3826
vn 0.3653 -0.1142 -0.9239
vn 0.8907 -0.2455 -0.3827
vn 0.3689 -0.1017 -0.9239
vn 0.9051 -0.1855 -0.3827
vn 0.3749 -0.0769 -0.9239
vn 0.8984 -0.2154 -0.3827
vn 0.3722 -0.0892 -0.9239
vn -0.8561 0.3474 -0.3827
vn -0.3546 0.1439 -0.9239
vn 0.9188 -0.0973 -0.3827
vn 0.3806 -0.0403 -0.9239
vn 0.9131 -0.1410 -0.3827
vn 0.3782 -0.0584 -0.9239
vn -0.8972 0.2204 -0.3827
vn -0.3716 0.0913 -0.9239
vn 0.9213 -0.0688 -0.3827
vn 0.3816 -0.0285 -0.9239
vn -0.9188 -0.0968 -0.3827
vn -0.3806 -0.0401 -0.9239
vn 0.9235 -0.0270 -0.3827
vn 0.3825 -0.0112 -0.9239
vn 0.9228 0.0441 -0.3827
vn 0.3822 0.0183 -0.9239
vn -0.8015 -0.4595 -0.3827
vn -0.3320 -0.1903 -0.9239
vn -0.7398 -0.5535 -0.3827
vn -0.3064 -0.2292 -0.9239
vn 0.9131 0.1409 -0.3827
vn 0.3782 0.0584 -0.9239
vn -0.6660 -0.6403 -0.3827
vn -0.2759 -0.2652 -0.9239
vn -0.4531 -0.8051 -0.3827
vn -0.1877 -0.3335 -0.9239
vn -0.3625 -0.8498 -0.3827
vn -0.1502 -0.3520 -0.9239
vn -0.2856 -0.8786 -0.3827
vn -0.1183 -0.3639 -0.9239
vn 0.8900 0.2478 -0.3827
vn 0.3686 0.1027 -0.9239
vn -0.1777 -0.9066 -0.3827
vn -0.0736 -0.3755 -0.9239
vn 0.8503 0.3612 -0.3827
vn 0.3522 0.1496 -0.9239
vn -0.3219 -0.8660 -0.3827
vn -0.1333 -0.3587 -0.9239
vn 0.7370 0.5571 -0.3827
vn 0.3053 0.2308 -0.9239
vn 0.7922 0.4753 -0.3827
vn 0.3281 0.1969 -0.9239
vn -0.4204 -0.8227 -0.3827
vn -0.1741 -0.3408 -0.9239
vn 0.6746 0.6313 -0.3827
vn 0.2794 0.2615 -0.9239
vn 0.5881 0.7125 -0.3827
vn 0.2436 0.2951 -0.9239
vn -0.7038 -0.5985 -0.3827
vn -0.2915 -0.2479 -0.9239
vn 0.4971 0.7787 -0.3827
vn 0.2059 0.3225 -0.9239
vn 0.4056 0.8301 -0.3827
vn 0.1680 0.3438 -0.9239
vn 0.3173 0.8677 -0.3827
vn 0.1314 0.3594 -0.9239
vn 0.2158 0.8983 -0.3827
vn 0.0894 0.3721 -0.9239
vn 0.2551 0.8880 -0.3827
vn 0.1057 0.3678 -0.9239
vn 0.1785 0.9065 -0.3827
vn 0.0739 0.3755 -0.9239
vn 0.1620 0.9096 -0.3827
vn 0.0671 0.3768 -0.9239
vn 0.1928 0.9035 -0.3827
vn 0.0799 0.3743 -0.9239
vn 0.1709 0.9079 -0.3827
vn 0.0708 0.3761 -0.9239
vn 0.2168 0.8981 -0.3827
vn 0.0898 0.3720 -0.9239
vn 0.2863 0.8784 -0.3827
vn 0.1186 0.3638 -0.9239
vn 0.3921 0.8365 -0.3827
vn 0.1624 0.3465 -0.9239
vn 0.4785 0.7903 -0.3827
vn 0.1982 0.3273 -0.9239
vn 0.5788 0.7201 -0.3827
vn 0.2398 0.2983 -0.9239
vn 0.6892 0.6153 -0.3827
vn 0.2855 0.2549 -0.9239
vn 0.7620 0.5224 -0.3827
vn 0.3156 0.2164 -0.9239
vn 0.8215 0.4228 -0.3827
vn 0.3402 0.1751 -0.9239
vn 0.8776 0.2887 -0.3827
vn 0.3635 0.1196 -0.9239
vn 0.9095 0.1624 -0.3827
vn 0.3767 0.0673 -0.9239
vn 0.9225 0.0501 -0.3827
vn 0.3821 0.0208 -0.9239
vn 0.9102 -0.1582 -0.3827
vn 0.3770 -0.0655 -0.9239
vn 0.9226 -0.0488 -0.3827
vn 0.3821 -0.0202 -0.9239
vn 0.8799 -0.2818 -0.3827
vn 0.3644 -0.1167 -0.9239
vn 0.8260 -0.4139 -0.3827
vn 0.3421 -0.1714 -0.9239
vn 0.6437 -0.6628 -0.3827
vn 0.2666 -0.2745 -0.9239
vn 0.7462 -0.5448 -0.3827
vn 0.3091 -0.2257 -0.9239
vn 0.5274 -0.7585 -0.3827
vn 0.2185 -0.3142 -0.9239
vn 0.4086 -0.8286 -0.3827
vn 0.1692 -0.3432 -0.9239
vn 0.1953 -0.9030 -0.3827
vn 0.0809 -0.3740 -0.9239
vn 0.2961 -0.8751 -0.3827
vn 0.1227 -0.3625 -0.9239
vn 0.0688 -0.9213 -0.3827
vn 0.0285 -0.3816 -0.9239
vn -0.0580 -0.9221 -0.3827
vn -0.0240 -0.3819 -0.9239
vn -0.1842 -0.9053 -0.3827
vn -0.0763 -0.3750 -0.9239
vn -0.2679 -0.8842 -0.3827
vn -0.1110 -0.3662 -0.9239
vn -0.3018 -0.8732 -0.3827
vn -0.1250 -0.3617 -0.9239
vn -0.3358 -0.8607 -0.3827
vn -0.1391 -0.3565 -0.9239
vn -0.3696 -0.8467 -0.3827
vn -0.1531 -0.3507 -0.9239
vn -0.4412 -0.8117 -0.3827
vn -0.1828 -0.3362 -0.9239
vn -0.5082 -0.7715 -0.3827
vn -0.2105 -0.3196 -0.9239
vn -0.5343 -0.7537 -0.3826
vn -0.2213 -0.3122 -0.9239
vn -0.5597 -0.7350 -0.3826
vn -0.2319 -0.3045 -0.9239
vn -0.5845 -0.7155 -0.3827
vn -0.2421 -0.2964 -0.9239
vn -0.6085 -0.6952 -0.3827
vn -0.2520 -0.2880 -0.9239
vn -0.6317 -0.6742 -0.3827
vn -0.2617 -0.2793 -0.9239
vn -0.6648 -0.6416 -0.3827
vn -0.2754 -0.2657 -0.9239
vn 0.6885 -0.6160 -0.3827
vn 0.2852 -0.2552 -0.9239
vn 0.6603 0.6462 -0.3827
vn 0.2735 0.2676 -0.9239
vn 0.6873 0.6174 -0.3827
vn 0.2847 0.2558 -0.9239
vn 0.6325 0.6734 -0.3827
vn 0.2620 0.2789 -0.9239
vn 0.6039 0.6992 -0.3827
vn 0.2501 0.2896 -0.9239
vn 0.5452 0.7459 -0.3827
vn 0.2258 0.3089 -0.9239
vn 0.5747 0.7234 -0.3827
vn 0.2381 0.2996 -0.9239
vn -0.6467 0.6598 -0.3827
vn -0.2679 0.2733 -0.9239
vn 0.5006 0.7765 -0.3827
vn 0.2073 0.3216 -0.9239
vn 0.4267 0.8194 -0.3827
vn 0.1768 0.3394 -0.9239
vn 0.4561 0.8035 -0.3827
vn 0.1889 0.3328 -0.9239
vn 0.3835 0.8405 -0.3827
vn 0.1588 0.3482 -0.9239
vn 0.3047 0.8722 -0.3827
vn 0.1262 0.3613 -0.9239
vn 0.3383 0.8597 -0.3827
vn 0.1401 0.3561 -0.9239
vn 0.2552 0.8879 -0.3827
vn 0.1764 0.9069 -0.3826
vn 0.0731 0.3757 -0.9239
vn 0.2072 0.9003 -0.3827
vn 0.0858 0.3730 -0.9239
vn 0.1464 0.9122 -0.3826
vn 0.0607 0.3779 -0.9239
vn 0.1175 0.9164 -0.3827
vn 0.0487 0.3796 -0.9239
vn 0.0496 0.9225 -0.3827
vn 0.0205 0.3821 -0.9239
vn -0.0373 0.9231 -0.3827
vn -0.0154 0.3824 -0.9239
vn -0.1202 0.9160 -0.3827
vn -0.0498 0.3794 -0.9239
vn -0.2144 0.8987 -0.3827
vn -0.0888 0.3722 -0.9239
vn -0.3187 0.8672 -0.3827
vn -0.1320 0.3592 -0.9239
vn -0.4296 0.8179 -0.3827
vn -0.1779 0.3388 -0.9239
vn -0.5411 0.7489 -0.3827
vn -0.2241 0.3102 -0.9239
vn -0.7426 0.5497 -0.3827
vn -0.3076 0.2277 -0.9239
vn -0.8207 0.4243 -0.3827
vn -0.3399 0.1758 -0.9239
vn -0.8760 0.2936 -0.3827
vn -0.3628 0.1216 -0.9239
vn -0.9086 0.1673 -0.3827
vn -0.3764 0.0693 -0.9239
vn -0.9224 0.0522 -0.3827
vn -0.3821 0.0216 -0.9239
vn -0.9229 -0.0430 -0.3827
vn -0.3823 -0.0178 -0.9239
vn -0.9140 -0.1349 -0.3827
vn -0.3786 -0.0559 -0.9239
vn -0.8941 -0.2328 -0.3827
vn -0.3703 -0.0964 -0.9239
vn -0.8616 -0.3335 -0.3827
vn -0.3569 -0.1381 -0.9239
vn -0.8161 -0.4330 -0.3827
vn -0.3381 -0.1793 -0.9239
vn -0.7589 -0.5269 -0.3827
vn -0.3144 -0.2182 -0.9239
vn -0.6301 -0.6757 -0.3827
vn -0.2610 -0.2799 -0.9239
vn -0.5252 -0.7601 -0.3827
vn -0.2176 -0.3148 -0.9239
vn -0.5566 -0.7374 -0.3827
vn -0.2305 -0.3054 -0.9239
vn -0.8625 -0.3311 -0.3827
vn -0.3572 -0.1372 -0.9239
vn -0.9001 -0.2081 -0.3827
vn -0.3728 -0.0862 -0.9239
vn -0.9239 0.0031 -0.3827
vn -0.3827 0.0013 -0.9239
vn -0.9181 0.1032 -0.3827
vn -0.3803 0.0428 -0.9239
vn -0.7915 0.4766 -0.3827
vn -0.3278 0.1974 -0.9239
vn -0.7281 0.5688 -0.3827
vn -0.3016 0.2356 -0.9239
vn -0.6543 0.6522 -0.3827
vn -0.2710 0.2702 -0.9239
vn -0.0545 0.9223 -0.3827
vn -0.0226 0.3820 -0.9239
vn -0.7090 -0.5923 -0.3827
vn -0.2937 -0.2454 -0.9239
vn -0.6832 -0.6219 -0.3827
vn -0.2830 -0.2576 -0.9239
vn -0.6424 -0.6640 -0.3827
vn -0.2661 -0.2750 -0.9239
vn -0.5555 -0.7383 -0.3827
vn -0.2301 -0.3058 -0.9239
vn -0.4803 -0.7892 -0.3827
vn -0.1990 -0.3269 -0.9239
vn -0.4503 -0.8067 -0.3827
vn -0.1865 -0.3341 -0.9239
vn -0.4205 -0.8227 -0.3827
vn -0.1742 -0.3407 -0.9239
vn -0.3910 -0.8371 -0.3827
vn -0.1620 -0.3467 -0.9239
vn -0.3061 -0.8717 -0.3827
vn -0.1268 -0.3611 -0.9239
vn -0.2208 -0.8971 -0.3827
vn -0.0915 -0.3716 -0.9239
vn -0.1881 -0.9045 -0.3827
vn -0.0779 -0.3747 -0.9239
vn -0.1407 -0.9131 -0.3827
vn -0.0583 -0.3782 -0.9239
vn -0.0956 -0.9189 -0.3827
vn -0.0396 -0.3806 -0.9239
vn -0.0669 -0.9215 -0.3826
vn -0.0277 -0.3817 -0.9239
vn -0.0393 -0.9231 -0.3826
vn -0.0163 -0.3824 -0.9239
vn -0.0573 -0.9984 -0.0000
vn -0.0000 -0.0000 1.0000
vt 0.237624 0.000000
vt 0.231023 0.000000
vt 0.864726 0.000000
vt 0.868017 0.000000
vt 0.871287 0.000000
vt 0.868012 0.000000
vt 0.864719 0.000000
vt 0.858086 0.000000
vt 0.950495 0.000000
vt 0.953738 0.000000
vt 0.957021 0.000000
vt 0.963696 0.000000
vt 0.957035 0.000000
vt 0.953747 0.000000
vt 0.950495 0.000000
vt 0.541309 0.000000
vt 0.544597 0.000000
vt 0.547855 0.000000
vt 0.544590 0.000000
vt 0.541298 0.000000
vt 0.534653 0.000000
vt 0.148515 0.000000
vt 0.161716 0.000000
vt 0.353135 0.000000
vt 0.359736 0.000000
vt 0.514917 0.000000
vt 0.518203 0.000000
vt 0.521452 0.000000
vt 0.521452 0.000000
vt 0.518193 0.000000
vt 0.514903 0.000000
vt 0.508251 0.000000
vt 0.207921 0.000000
vt 0.207921 0.000000
vt 0.201320 0.000000
vt 0.333333 0.000000
vt 0.339934 0.000000
vt 0.363036 0.000000
vt 0.369637 0.000000
vt 0.369637 0.000000
vt 0.897690 0.000000
vt 0.884488 0.000000
vt 0.429043 0.000000
vt 0.435644 0.000000
vt 0.590759 0.000000
vt 0.603960 0.000000
vt 0.603960 0.000000
vt 0.448845 0.000000
vt 0.455446 0.000000
vt 0.455446 0.000000
vt 0.128759 0.000000
vt 0.132049 0.000000
vt 0.135314 0.000000
vt 0.132044 0.000000
vt 0.128751 0.000000
vt 0.122112 0.000000
vt 0.726073 0.000000
vt 0.732673 0.000000
vt 0.528127 0.000000
vt 0.531412 0.000000
vt 0.531401 0.000000
vt 0.528112 0.000000
vt 0.656766 0.000000
vt 0.660066 0.000000
vt 0.079208 0.000000
vt 0.082508 0.000000
vt 0.079208 0.000000
vt 0.689769 0.000000
vt 0.696370 0.000000
vt 0.171770 0.000000
vt 0.174917 0.000000
vt 0.171747 0.000000
vt 0.168472 0.000000
vt 0.165141 0.000000
vt 0.165166 0.000000
vt 0.168510 0.000000
vt 0.468647 0.000000
vt 0.475248 0.000000
vt 0.468647 0.000000
vt 0.877904 0.000000
vt 0.881201 0.000000
vt 0.884488 0.000000
vt 0.881199 0.000000
vt 0.877901 0.000000
vt 0.874598 0.000000
vt 0.874600 0.000000
vt 0.382838 0.000000
vt 0.389439 0.000000
vt 0.577558 0.000000
vt 0.580857 0.000000
vt 0.584158 0.000000
vt 0.587458 0.000000
vt 0.587458 0.000000
vt 0.584158 0.000000
vt 0.580858 0.000000
vt 0.270627 0.000000
vt 0.273927 0.000000
vt 0.211221 0.000000
vt 0.224422 0.000000
vt 0.217822 0.000000
vt 0.554481 0.000000
vt 0.557776 0.000000
vt 0.561056 0.000000
vt 0.557772 0.000000
vt 0.554475 0.000000
vt 0.551171 0.000000
vt 0.551175 0.000000
vt 0.066007 0.000000
vt 0.052805 0.000000
vt 0.712871 0.000000
vt 0.719472 0.000000
vt 0.415842 0.000000
vt 0.422442 0.000000
vt 0.462046 0.000000
vt 0.924092 0.000000
vt 0.937294 0.000000
vt 0.937294 0.000000
vt 0.564356 0.000000
vt 0.561056 0.000000
vt 0.709571 0.000000
vt 0.712871 0.000000
vt 0.739274 0.000000
vt 0.752475 0.000000
vt 0.739274 0.000000
vt 0.264026 0.000000
vt 0.481848 0.000000
vt 0.280528 0.000000
vt 0.287129 0.000000
vt 0.280528 0.000000
vt 0.495050 0.000000
vt 0.940548 0.000000
vt 0.943835 0.000000
vt 0.943846 0.000000
vt 0.940556 0.000000
vt 0.825082 0.000000
vt 0.831683 0.000000
vt 0.831683 0.000000
vt 0.702970 0.000000
vt 0.702970 0.000000
vt 0.910891 0.000000
vt 0.910891 0.000000
vt 0.244224 0.000000
vt 0.250825 0.000000
vt 0.795380 0.000000
vt 0.801980 0.000000
vt 0.801980 0.000000
vt 0.376238 0.000000
vt 0.382838 0.000000
vt 0.442244 0.000000
vt 0.442244 0.000000
vt 0.194719 0.000000
vt 0.181518 0.000000
vt 0.775578 0.000000
vt 0.782178 0.000000
vt 0.775577 0.000000
vt 0.306931 0.000000
vt 0.300330 0.000000
vt 0.346535 0.000000
vt 0.115542 0.000000
vt 0.118836 0.000000
vt 0.122112 0.000000
vt 0.118832 0.000000
vt 0.115537 0.000000
vt 0.108911 0.000000
vt 0.811881 0.000000
vt 0.818482 0.000000
vt 0.811881 0.000000
vt 0.851542 0.000000
vt 0.854829 0.000000
vt 0.858086 0.000000
vt 0.854823 0.000000
vt 0.851532 0.000000
vt 0.844885 0.000000
vt 0.501725 0.000000
vt 0.505012 0.000000
vt 0.505000 0.000000
vt 0.501707 0.000000
vt 0.498398 0.000000
vt 0.495049 0.000000
vt 0.498411 0.000000
vt 0.788779 0.000000
vt 0.976898 0.000000
vt 0.976898 0.000000
vt 0.257426 0.000000
vt 0.679868 0.000000
vt 0.683168 0.000000
vt 0.293729 0.000000
vt 0.630363 0.000000
vt 0.643564 0.000000
vt 0.095710 0.000000
vt 0.095710 0.000000
vt 0.141938 0.000000
vt 0.145233 0.000000
vt 0.148515 0.000000
vt 0.145230 0.000000
vt 0.141934 0.000000
vt 0.138630 0.000000
vt 0.138632 0.000000
vt 0.396040 0.000000
vt 0.402640 0.000000
vt 0.607234 0.000000
vt 0.610527 0.000000
vt 0.613835 0.000000
vt 0.617162 0.000000
vt 0.613839 0.000000
vt 0.610533 0.000000
vt 0.607238 0.000000
vt 0.102366 0.000000
vt 0.105653 0.000000
vt 0.105646 0.000000
vt 0.102355 0.000000
vt 0.838284 0.000000
vt 0.838284 0.000000
vt 0.673267 0.000000
vt 0.676568 0.000000
vt 0.676568 0.000000
vt 0.409241 0.000000
vt 0.415842 0.000000
vt 0.666667 0.000000
vt 0.669967 0.000000
vt 0.663366 0.000000
vt 0.666667 0.000000
vt 0.570981 0.000000
vt 0.574276 0.000000
vt 0.574273 0.000000
vt 0.570977 0.000000
vt 0.653465 0.000000
vt 0.650165 0.000000
vt 0.650165 0.000000
vt 0.429043 0.000000
vt 0.026403 0.000000
vt 0.039604 0.000000
vt 0.237624 0.000000
vt 0.244224 0.000000
vt 0.019875 0.000000
vt 0.023161 0.000000
vt 0.023148 0.000000
vt 0.019858 0.000000
vt 0.013201 0.000000
vt 0.630363 0.000000
vt 0.188119 0.000000
vt 0.808581 0.000000
vt 0.333333 0.000000
vt 0.990099 0.000000
vt 0.839245 0.000000
vt 0.652199 0.000000
vt 0.000000 0.000000
vt 0.719688 0.000000
vt 0.874697 0.000000
vt 0.990099 0.000000
vt 0.046264 0.000000
vt 0.049554 0.000000
vt 0.049544 0.000000
vt 0.046250 0.000000
vt 0.042943 0.000000
vt 0.039604 0.000000
vt 0.042952 0.000000
vt 0.075917 0.000000
vt 0.075915 0.000000
vt 0.072616 0.000000
vt 0.072619 0.000000
vt 0.346535 0.000000
vt 0.980126 0.000000
vt 0.983407 0.000000
vt 0.983425 0.000000
vt 0.980139 0.000000
vt 0.769824 0.000000
vt 0.772794 0.000000
vt 0.772657 0.000000
vt 0.769539 0.000000
vt 0.766788 0.000000
vt 0.760078 0.000000
vt 0.757622 0.000000
vt 0.754855 0.000000
vt 0.754611 0.000000
vt 0.757054 0.000000
vt 0.759305 0.000000
vt 0.767204 0.000000
vt 0.240318 0.000000
vt 0.101600 0.000000
vt 0.003301 0.000000
vt 0.001649 0.000000
vt 0.003362 0.000000
vt 0.844326 0.000000
vt 0.729624 0.000000
vt 0.995648 0.000000
vt 0.993399 0.000000
vt 0.885146 0.000000
vt 0.990099 0.000000
vt 0.912089 0.000000
vt 0.908642 0.000000
vt 0.983498 0.000000
vt 0.980198 0.000000
vt 0.056456 0.000000
vt 0.052223 0.000000
vt 0.013202 0.000000
vt 0.009901 0.000000
vt 0.009964 0.000000
vt 0.913851 0.000000
vt 0.976897 0.000000
vt 0.051367 0.000000
vt 0.052301 0.000000
vt 0.026404 0.000000
vt 0.023102 0.000000
vt 0.050685 0.000000
vt 0.019802 0.000000
vt 0.912160 0.000000
vt 0.963695 0.000000
vt 0.907395 0.000000
vt 0.909029 0.000000
vt 0.957095 0.000000
vt 0.953795 0.000000
vt 0.905716 0.000000
vt 0.950495 0.000000
vt 0.900080 0.000000
vt 0.901980 0.000000
vt 0.943894 0.000000
vt 0.940594 0.000000
vt 0.062054 0.000000
vt 0.064340 0.000000
vt 0.046205 0.000000
vt 0.042904 0.000000
vt 0.059769 0.000000
vt 0.039605 0.000000
vt 0.898270 0.000000
vt 0.937293 0.000000
vt 0.066612 0.000000
vt 0.068754 0.000000
vt 0.052806 0.000000
vt 0.049505 0.000000
vt 0.889424 0.000000
vt 0.924091 0.000000
vt 0.879636 0.000000
vt 0.910890 0.000000
vt 0.082454 0.000000
vt 0.083249 0.000000
vt 0.075908 0.000000
vt 0.072607 0.000000
vt 0.869211 0.000000
vt 0.897690 0.000000
vt 0.223769 0.000000
vt 0.234263 0.000000
vt 0.165017 0.000000
vt 0.181321 0.000000
vt 0.189584 0.000000
vt 0.145215 0.000000
vt 0.174053 0.000000
vt 0.141914 0.000000
vt 0.167303 0.000000
vt 0.138614 0.000000
vt 0.155112 0.000000
vt 0.161005 0.000000
vt 0.132013 0.000000
vt 0.149513 0.000000
vt 0.128713 0.000000
vt 0.134535 0.000000
vt 0.139403 0.000000
vt 0.118812 0.000000
vt 0.129859 0.000000
vt 0.115512 0.000000
vt 0.116810 0.000000
vt 0.121156 0.000000
vt 0.105611 0.000000
vt 0.112538 0.000000
vt 0.102310 0.000000
vt 0.104024 0.000000
vt 0.083242 0.000000
vt 0.092219 0.000000
vt 0.083198 0.000000
vt 0.078718 0.000000
vt 0.244385 0.000000
vt 0.168317 0.000000
vt 0.254281 0.000000
vt 0.171617 0.000000
vt 0.264079 0.000000
vt 0.281448 0.000000
vt 0.296353 0.000000
vt 0.308728 0.000000
vt 0.855073 0.000000
vt 0.857866 0.000000
vt 0.884489 0.000000
vt 0.881188 0.000000
vt 0.852178 0.000000
vt 0.877888 0.000000
vt 0.846463 0.000000
vt 0.849316 0.000000
vt 0.874588 0.000000
vt 0.871287 0.000000
vt 0.325815 0.000000
vt 0.329188 0.000000
vt 0.843613 0.000000
vt 0.867987 0.000000
vt 0.840809 0.000000
vt 0.864687 0.000000
vt 0.337952 0.000000
vt 0.340881 0.000000
vt 0.835000 0.000000
vt 0.858086 0.000000
vt 0.832188 0.000000
vt 0.854786 0.000000
vt 0.829427 0.000000
vt 0.851485 0.000000
vt 0.824266 0.000000
vt 0.844897 0.000000
vt 0.344186 0.000000
vt 0.349333 0.000000
vt 0.817811 0.000000
vt 0.838282 0.000000
vt 0.355447 0.000000
vt 0.361888 0.000000
vt 0.367977 0.000000
vt 0.372876 0.000000
vt 0.375254 0.000000
vt 0.378594 0.000000
vt 0.380271 0.000000
vt 0.812135 0.000000
vt 0.831681 0.000000
vt 0.381255 0.000000
vt 0.382761 0.000000
vt 0.370450 0.000000
vt 0.333344 0.000000
vt 0.806471 0.000000
vt 0.825081 0.000000
vt 0.800678 0.000000
vt 0.818481 0.000000
vt 0.372842 0.000000
vt 0.339936 0.000000
vt 0.794572 0.000000
vt 0.811881 0.000000
vt 0.791613 0.000000
vt 0.808581 0.000000
vt 0.785097 0.000000
vt 0.801981 0.000000
vt 0.778358 0.000000
vt 0.795380 0.000000
vt 0.771260 0.000000
vt 0.788780 0.000000
vt 0.763698 0.000000
vt 0.782180 0.000000
vt 0.755448 0.000000
vt 0.775578 0.000000
vt 0.751139 0.000000
vt 0.772278 0.000000
vt 0.746697 0.000000
vt 0.768977 0.000000
vt 0.725423 0.000000
vt 0.742348 0.000000
vt 0.765683 0.000000
vt 0.762376 0.000000
vt 0.721588 0.000000
vt 0.759076 0.000000
vt 0.717305 0.000000
vt 0.755776 0.000000
vt 0.712543 0.000000
vt 0.695090 0.000000
vt 0.686320 0.000000
vt 0.677493 0.000000
vt 0.668944 0.000000
vt 0.657746 0.000000
vt 0.661574 0.000000
vt 0.651460 0.000000
vt 0.645822 0.000000
vt 0.640693 0.000000
vt 0.636143 0.000000
vt 0.631898 0.000000
vt 0.628004 0.000000
vt 0.620789 0.000000
vt 0.624243 0.000000
vt 0.617824 0.000000
vt 0.615426 0.000000
vt 0.611976 0.000000
vt 0.613531 0.000000
vt 0.610552 0.000000
vt 0.608867 0.000000
vt 0.604787 0.000000
vt 0.595853 0.000000
vt 0.586102 0.000000
vt 0.583550 0.000000
vt 0.613861 0.000000
vt 0.580990 0.000000
vt 0.610561 0.000000
vt 0.578355 0.000000
vt 0.607261 0.000000
vt 0.575533 0.000000
vt 0.565467 0.000000
vt 0.562942 0.000000
vt 0.587459 0.000000
vt 0.560562 0.000000
vt 0.584158 0.000000
vt 0.558334 0.000000
vt 0.580858 0.000000
vt 0.556418 0.000000
vt 0.555117 0.000000
vt 0.574257 0.000000
vt 0.555100 0.000000
vt 0.570957 0.000000
vt 0.555043 0.000000
vt 0.565318 0.000000
vt 0.552638 0.000000
vt 0.560483 0.000000
vt 0.554066 0.000000
vt 0.557756 0.000000
vt 0.550076 0.000000
vt 0.554456 0.000000
vt 0.543624 0.000000
vt 0.546728 0.000000
vt 0.551155 0.000000
vt 0.547855 0.000000
vt 0.540631 0.000000
vt 0.544555 0.000000
vt 0.537739 0.000000
vt 0.541254 0.000000
vt 0.531868 0.000000
vt 0.534654 0.000000
vt 0.529030 0.000000
vt 0.531353 0.000000
vt 0.526205 0.000000
vt 0.528053 0.000000
vt 0.520440 0.000000
vt 0.521453 0.000000
vt 0.517642 0.000000
vt 0.518152 0.000000
vt 0.514865 0.000000
vt 0.514852 0.000000
vt 0.509192 0.000000
vt 0.508251 0.000000
vt 0.506422 0.000000
vt 0.504951 0.000000
vt 0.503621 0.000000
vt 0.501651 0.000000
vt 0.498074 0.000000
vt 0.500818 0.000000
vt 0.498350 0.000000
vt 0.495050 0.000000
vt 0.486824 0.000000
vt 0.481856 0.000000
vt 0.480377 0.000000
vt 0.475246 0.000000
vt 0.474149 0.000000
vt 0.468646 0.000000
vt 0.467889 0.000000
vt 0.462045 0.000000
vt 0.461664 0.000000
vt 0.455444 0.000000
vt 0.455526 0.000000
vt 0.448844 0.000000
vt 0.449477 0.000000
vt 0.442243 0.000000
vt 0.443545 0.000000
vt 0.435643 0.000000
vt 0.437788 0.000000
vt 0.429043 0.000000
vt 0.432179 0.000000
vt 0.422443 0.000000
vt 0.426690 0.000000
vt 0.415843 0.000000
vt 0.421265 0.000000
vt 0.409243 0.000000
vt 0.415533 0.000000
vt 0.402634 0.000000
vt 0.410268 0.000000
vt 0.396038 0.000000
vt 0.404882 0.000000
vt 0.389438 0.000000
vt 0.399627 0.000000
vt 0.382838 0.000000
vt 0.394566 0.000000
vt 0.376237 0.000000
vt 0.389730 0.000000
vt 0.369637 0.000000
vt 0.385051 0.000000
vt 0.363037 0.000000
vt 0.382916 0.000000
vt 0.359736 0.000000
vt 0.378901 0.000000
vt 0.353137 0.000000
vt 0.375580 0.000000
vt 0.346537 0.000000
vt 0.382055 0.000000
vt 0.334352 0.000000
vt 0.318574 0.000000
vt 0.078368 0.000000
vt 0.066007 0.000000
vt 0.067483 0.000000
vt 0.006601 0.000000
vt 0.006676 0.000000
vt 0.796375 0.000000
vt 0.183165 0.000000
vt 0.061220 0.000000
vt 0.043069 0.000000
vt 0.038682 0.000000
vt 0.037836 0.000000
vt 0.039856 0.000000
vt 0.041631 0.000000
vt 0.043400 0.000000
vt 0.053080 0.000000
vt 0.055798 0.000000
vt 0.058454 0.000000
vt 0.061098 0.000000
vt 0.063600 0.000000
vt 0.074591 0.000000
vt 0.079800 0.000000
vt 0.081632 0.000000
vt 0.081821 0.000000
vt 0.088902 0.000000
vt 0.101901 0.000000
vt 0.109745 0.000000
vt 0.113706 0.000000
vt 0.117746 0.000000
vt 0.125835 0.000000
vt 0.130076 0.000000
vt 0.134471 0.000000
vt 0.143491 0.000000
vt 0.148323 0.000000
vt 0.153358 0.000000
vt 0.158645 0.000000
vt 0.164208 0.000000
vt 0.170095 0.000000
vt 0.176670 0.000000
vt 0.203172 0.000000
vt 0.210765 0.000000
vt 0.218292 0.000000
vt 0.225702 0.000000
vt 0.233137 0.000000
vt 0.246654 0.000000
vt 0.258551 0.000000
vt 0.268897 0.000000
vt 0.277652 0.000000
vt 0.284615 0.000000
vt 0.288045 0.000000
vt 0.293966 0.000000
vt 0.298712 0.000000
vt 0.302963 0.000000
vt 0.307381 0.000000
vt 0.313028 0.000000
vt 0.319292 0.000000
vt 0.325836 0.000000
vt 0.332184 0.000000
vt 0.337691 0.000000
vt 0.340516 0.000000
vt 0.345212 0.000000
vt 0.348708 0.000000
vt 0.351771 0.000000
vt 0.354726 0.000000
vt 0.357663 0.000000
vt 0.358396 0.000000
vt 0.362245 0.000000
vt 0.366232 0.000000
vt 0.370595 0.000000
vt 0.375465 0.000000
vt 0.377971 0.000000
vt 0.383214 0.000000
vt 0.388599 0.000000
vt 0.394143 0.000000
vt 0.399823 0.000000
vt 0.405598 0.000000
vt 0.411260 0.000000
vt 0.417286 0.000000
vt 0.423088 0.000000
vt 0.428938 0.000000
vt 0.434867 0.000000
vt 0.440893 0.000000
vt 0.447034 0.000000
vt 0.453250 0.000000
vt 0.459521 0.000000
vt 0.465849 0.000000
vt 0.472199 0.000000
vt 0.478525 0.000000
vt 0.485048 0.000000
vt 0.496940 0.000000
vt 0.499872 0.000000
vt 0.502845 0.000000
vt 0.505816 0.000000
vt 0.508766 0.000000
vt 0.514753 0.000000
vt 0.517702 0.000000
vt 0.520669 0.000000
vt 0.526709 0.000000
vt 0.529684 0.000000
vt 0.532672 0.000000
vt 0.538763 0.000000
vt 0.541764 0.000000
vt 0.544825 0.000000
vt 0.547940 0.000000
vt 0.551183 0.000000
vt 0.554833 0.000000
vt 0.555389 0.000000
vt 0.558052 0.000000
vt 0.558035 0.000000
vt 0.559569 0.000000
vt 0.561858 0.000000
vt 0.564472 0.000000
vt 0.567236 0.000000
vt 0.570051 0.000000
vt 0.572894 0.000000
vt 0.584278 0.000000
vt 0.587397 0.000000
vt 0.590317 0.000000
vt 0.593164 0.000000
vt 0.595931 0.000000
vt 0.606878 0.000000
vt 0.617270 0.000000
vt 0.622425 0.000000
vt 0.624807 0.000000
vt 0.626926 0.000000
vt 0.629137 0.000000
vt 0.631575 0.000000
vt 0.634343 0.000000
vt 0.637477 0.000000
vt 0.640921 0.000000
vt 0.644541 0.000000
vt 0.648221 0.000000
vt 0.652364 0.000000
vt 0.657501 0.000000
vt 0.663238 0.000000
vt 0.669316 0.000000
vt 0.675840 0.000000
vt 0.679546 0.000000
vt 0.686662 0.000000
vt 0.694594 0.000000
vt 0.702665 0.000000
vt 0.710544 0.000000
vt 0.726507 0.000000
vt 0.730856 0.000000
vt 0.734785 0.000000
vt 0.738211 0.000000
vt 0.750443 0.000000
vt 0.754321 0.000000
vt 0.758372 0.000000
vt 0.762364 0.000000
vt 0.770050 0.000000
vt 0.777249 0.000000
vt 0.784140 0.000000
vt 0.790801 0.000000
vt 0.797291 0.000000
vt 0.800358 0.000000
vt 0.806652 0.000000
vt 0.812711 0.000000
vt 0.818689 0.000000
vt 0.824666 0.000000
vt 0.831235 0.000000
vt 0.836755 0.000000
vt 0.839692 0.000000
vt 0.842689 0.000000
vt 0.848772 0.000000
vt 0.851725 0.000000
vt 0.854723 0.000000
vt 0.857724 0.000000
vt 0.860730 0.000000
vt 0.863767 0.000000
vt 0.866798 0.000000
vt 0.878860 0.000000
vt 0.890242 0.000000
vt 0.901234 0.000000
vt 0.911557 0.000000
vt 0.913794 0.000000
vt 0.916216 0.000000
vt 0.921021 0.000000
vt 0.923271 0.000000
vt 0.925553 0.000000
vt 0.930158 0.000000
vt 0.936641 0.000000
vt 0.936912 0.000000
vt 0.936537 0.000000
vt 0.926766 0.000000
vt 0.902472 0.000000
vt 0.003348 0.000000
vt 0.003301 0.000000
vt 0.001097 0.000000
vt 0.996001 0.000000
vt 0.993399 0.000000
vt 0.990099 0.000000
vt 0.983498 0.000000
vt 0.980198 0.000000
vt 0.976897 0.000000
vt 0.963695 0.000000
vt 0.957095 0.000000
vt 0.950495 0.000000
vt 0.943894 0.000000
vt 0.940594 0.000000
vt 0.937293 0.000000
vt 0.924091 0.000000
vt 0.910890 0.000000
vt 0.897690 0.000000
vt 0.082967 0.000000
vt 0.078882 0.000000
vt 0.884489 0.000000
vt 0.877888 0.000000
vt 0.874588 0.000000
vt 0.871287 0.000000
vt 0.867987 0.000000
vt 0.858086 0.000000
vt 0.854786 0.000000
vt 0.851485 0.000000
vt 0.844893 0.000000
vt 0.838283 0.000000
vt 0.831682 0.000000
vt 0.825081 0.000000
vt 0.333340 0.000000
vt 0.818481 0.000000
vt 0.339935 0.000000
vt 0.808581 0.000000
vt 0.346536 0.000000
vt 0.801981 0.000000
vt 0.795380 0.000000
vt 0.363036 0.000000
vt 0.359736 0.000000
vt 0.788780 0.000000
vt 0.782179 0.000000
vt 0.775578 0.000000
vt 0.772277 0.000000
vt 0.768977 0.000000
vt 0.765681 0.000000
vt 0.564996 0.000000
vt 0.560675 0.000000
vt 0.557756 0.000000
vt 0.554456 0.000000
vt 0.544555 0.000000
vt 0.541254 0.000000
vt 0.442244 0.000000
vt 0.435643 0.000000
vt 0.534654 0.000000
vt 0.528053 0.000000
vt 0.521452 0.000000
vt 0.518152 0.000000
vt 0.514852 0.000000
vt 0.508251 0.000000
vt 0.504951 0.000000
vt 0.501650 0.000000
vt 0.498350 0.000000
vt 0.495050 0.000000
vt 0.481853 0.000000
vt 0.475247 0.000000
vt 0.468646 0.000000
vt 0.462045 0.000000
vt 0.455445 0.000000
vt 0.448844 0.000000
vt 0.429043 0.000000
vt 0.422443 0.000000
vt 0.415843 0.000000
vt 0.409242 0.000000
vt 0.402636 0.000000
vt 0.396039 0.000000
vt 0.389438 0.000000
vt 0.382838 0.000000
vt 0.376237 0.000000
vt 0.369637 0.000000
vt 0.353136 0.000000
vt 0.072607 0.000000
vt 0.066007 0.000000
vt 0.052806 0.000000
vt 0.049505 0.000000
vt 0.046205 0.000000
vt 0.042904 0.000000
vt 0.039605 0.000000
vt 0.026403 0.000000
vt 0.023102 0.000000
vt 0.019802 0.000000
vt 0.013202 0.000000
vt 0.009950 0.000000
vt 0.009901 0.000000
vt 0.006656 0.000000
vt 0.006601 0.000000
s 0
f 1347/899/796 1884/899/796 1880/900/796 1335/900/796
f 1329/901/797 1326/902/797 1313/903/797 1857/903/797 1863/904/797 1865/905/797 1874/906/797 1337/906/797
f 1185/907/798 1179/908/798 1175/909/798 1173/910/798 1713/910/798 1715/911/798 1718/912/798 1722/913/798
f 1617/914/799 1611/915/799 1607/916/799 2148/916/799 2151/917/799 2156/918/799 2160/919/799 1619/919/799
f 1236/920/800 1230/921/800 1776/921/800 1779/920/800
f 1416/922/801 1419/923/801 1965/923/801 1953/922/801
f 1641/924/802 1638/925/802 1631/926/802 2172/927/802 2175/928/802 2177/929/802 2187/930/802 1646/930/802
f 1320/931/803 1851/932/803 1844/933/803 1308/933/803
f 1395/934/804 1401/935/804 1940/935/804 1934/934/804
f 1422/936/805 1431/937/805 1971/938/805 1958/936/805
f 1227/939/806 1764/939/806 1833/940/806 1299/940/806
f 1548/941/807 1605/942/807 2142/942/807 2088/941/807
f 1571/943/808 1569/944/808 2109/945/808 2112/943/808
f 1626/946/809 1635/947/809 2181/948/809 2166/946/809
f 1254/949/810 1251/950/810 1248/951/810 1791/951/810 1793/952/810 1796/953/810 1800/954/810 1257/954/810
f 1473/955/811 1470/956/811 2010/956/811 2013/955/811
f 1629/957/812 1623/958/812 1619/919/812 2160/919/812 2163/959/812 2168/960/812 2172/927/812 1631/927/812
f 1532/961/813 1530/962/813 2070/962/813 2073/961/813
f 1419/923/814 1422/936/814 1958/936/814 1965/923/814
f 1224/963/815 1278/964/815 1821/964/815 1767/965/815
f 1497/966/816 1494/967/816 2034/967/816 2037/966/816
f 1283/968/817 1290/969/817 1823/969/817 1826/970/817 1769/971/817 1773/972/817 1776/921/817 1230/921/817 1232/973/817 1280/974/817
f 1662/975/818 1665/976/818 2205/976/818 2196/977/818
f 1305/978/819 1302/979/819 1299/980/819 1833/940/819 1839/981/819 1841/982/819 1853/983/819 1857/903/819 1313/903/819 1310/984/819
f 1458/985/820 1476/986/820 2016/986/820 1998/985/820
f 1583/987/821 1581/988/821 1578/989/821 1575/990/821 1571/943/821 2112/943/821 2114/991/821 2117/992/821 2120/993/821 2124/987/821
f 1371/994/822 1368/995/822 1910/995/822 1907/994/822
f 1320/932/823 1317/996/823 1860/996/823 1851/932/823
f 1332/997/824 1871/997/824 1869/998/824 1323/998/824
f 1599/999/825 1596/1000/825 1550/1001/825 2091/1001/825 2136/1002/825 2138/1003/825 2144/1004/825 2148/916/825 1607/916/825 1601/1005/825
f 1212/1006/826 1752/1006/826 1746/1007/826 1206/1007/826
f 1482/1008/827 1479/1009/827 2019/1009/827 2022/1008/827
f 1524/1010/828 1542/1011/828 2082/1011/828 2064/1010/828
f 1644/1012/829 2184/1012/829 2181/948/829 1635/948/829
f 1209/1013/830 1203/1014/830 1740/1015/830 1749/1013/830
f 1550/1001/831 1592/1016/831 2133/1016/831 2091/1017/831
f 1485/1018/832 1482/1019/832 2022/1008/832 2025/1018/832
f 1467/1020/833 1464/1021/833 2004/1021/833 2007/1022/833
f 1356/1023/834 1371/994/834 1907/994/834 1899/1023/834
f 1665/976/835 1668/1024/835 2208/1024/835 2205/976/835
f 1374/1025/836 1377/1026/836 1914/1026/836 1919/1027/836
f 1659/1028/837 2202/1028/837 2208/1024/837 1668/1024/837
f 1203/1014/838 1194/1029/838 1187/1030/838 1185/913/838 1722/913/838 1730/1031/838 1736/1032/838 1740/1015/838
f 1392/1033/839 1380/1034/839 1917/1035/839 1932/1033/839
f 1494/967/840 1491/1036/840 2031/1037/840 2034/967/840
f 1227/939/841 1215/1038/841 1755/1039/841 1764/939/841
f 1353/1040/842 1364/1041/842 1892/1041/842 1890/1040/842
f 1425/1042/843 1413/1043/843 1956/1044/843 1962/1042/843
f 1443/1045/844 1458/1046/844 1998/985/844 1983/1045/844
f 1605/942/845 1614/1047/845 2153/1048/845 2142/942/845
f 1296/1049/846 1308/933/846 1844/933/846 1848/1049/846
f 1290/969/847 1287/1050/847 1829/1050/847 1823/969/847
f 1436/1051/848 1434/1052/848 1974/1052/848 1977/1053/848
f 1389/1054/849 1928/1054/849 1925/1055/849 1383/1055/849
f 1416/922/850 1953/922/850 1949/1056/850 1404/1056/850
f 1263/1057/851 1260/1058/851 1257/1059/851 1800/954/851 1802/1060/851 1805/1061/851 1809/1062/851 1266/1062/851
f 1406/1063/852 1398/1064/852 1938/1064/852 1943/1065/852
f 1344/1066/853 1341/1067/853 1337/1068/853 1874/906/853 1877/1069/853 1886/1070/853 1896/1071/853 1350/1071/853
f 1653/1072/854 1650/1073/854 1646/930/854 2187/930/854 2190/1074/854 2192/1075/854 2198/1076/854 2202/1077/854 1659/1028/854 1655/1078/854
f 1428/1079/855 1425/1042/855 1962/1042/855 1968/1079/855
f 1434/1052/856 1428/1079/856 1968/1079/856 1974/1052/856
f 1173/910/857 1164/1080/857 1701/1081/857 1713/910/857
f 1364/1041/858 1362/1082/858 1905/1082/858 1892/1041/858
f 1614/1048/859 1626/946/859 2166/946/859 2153/1048/859
f 1505/1083/860 1502/1084/860 2043/1084/860 2045/1083/860
f 1377/1026/861 1386/1085/861 1922/1085/861 1914/1026/861
f 1554/1086/862 1545/1087/862 2085/1087/862 2094/1086/862
f 1431/938/863 1443/1045/863 1983/1045/863 1971/937/863
f 1275/1088/864 1818/1089/864 1821/964/864 1278/964/864
f 1242/1090/865 1239/1091/865 1236/1092/865 1779/920/865 1781/1093/865 1785/1094/865 1787/1095/865 1791/951/865 1248/951/865 1245/1096/865
f 1488/1097/866 1500/1098/866 2040/1098/866 2028/1097/866
f 1569/945/867 1566/1099/867 1563/1100/867 1560/1101/867 1556/1102/867 2097/1102/867 2099/1103/867 2102/1104/867 2105/1105/867 2109/945/867
f 1644/1012/868 1662/975/868 2196/977/868 2184/1012/868
f 1272/1106/869 1269/1107/869 1266/1062/869 1809/1062/869 1811/1108/869 1814/1109/869 1818/1089/869 1275/1089/869
f 1380/1035/870 1359/1110/870 1902/1111/870 1917/1035/870
f 1512/1112/871 1509/1113/871 2049/1114/871 2055/1112/871
f 1518/1115/872 1524/1116/872 2064/1010/872 2052/1115/872
f 1520/1117/873 1514/1118/873 2058/1118/873 2060/1117/873
f 1527/1119/874 1520/1120/874 2060/1117/874 2067/1119/874
f 1590/1121/875 1587/1122/875 1583/987/875 2124/987/875 2126/1123/875 2129/1124/875 2133/1016/875 1592/1016/875
f 1476/986/876 1488/1097/876 2028/1097/876 2016/986/876
f 1514/1118/877 1512/1112/877 2055/1112/877 2058/1118/877
f 1530/962/878 1527/1119/878 2067/1119/878 2070/962/878
f 1535/1125/879 1532/961/879 2073/961/879 2075/1125/879
f 1539/1126/880 1535/1125/880 2075/1125/880 2079/1127/880
f 1545/1087/881 1539/1126/881 2079/1126/881 2085/1087/881
f 1542/1011/882 1548/1128/882 2088/941/882 2082/1011/882
f 1374/1025/883 1919/1025/883 1910/995/883 1368/995/883
f 1500/1098/884 1518/1115/884 2052/1115/884 2040/1098/884
f 1362/1082/885 1356/1023/885 1899/1023/885 1905/1082/885
f 1332/997/886 1335/900/886 1880/900/886 1871/997/886
f 1398/1064/887 1392/1033/887 1932/1033/887 1938/1064/887
f 1167/1129/888 1182/1130/888 1725/1130/888 1710/1129/888
f 1347/1131/889 1353/1132/889 1890/1040/889 1884/899/889
f 1161/1133/890 1170/1134/890 1167/1129/890 1710/1129/890 1706/1135/890 1703/1136/890 1692/1137/890 1158/1137/890
f 1556/1102/891 1554/1138/891 2094/1086/891 2097/1102/891
f 1293/1139/892 1296/1049/892 1848/1049/892 1835/1139/892
f 1293/1139/893 1835/1139/893 1829/1050/893 1287/1050/893
f 1413/1044/894 1410/1140/894 1947/1140/894 1956/1044/894
f 1410/1140/895 1406/1065/895 1943/1063/895 1947/1140/895
f 1389/1054/896 1395/1141/896 1934/934/896 1928/1054/896
f 1470/956/897 1467/1022/897 2007/1020/897 2010/956/897
f 1386/1085/898 1383/1055/898 1925/1055/898 1922/1085/898
f 1215/1039/899 1209/1013/899 1749/1013/899 1755/1039/899
f 1491/1037/900 1485/1018/900 2025/1018/900 2031/1037/900
f 1149/1142/901 1143/1143/901 1136/1144/901 1131/1145/901 1671/1145/901 1676/1146/901 1682/1147/901 1686/1148/901
f 1190/1149/902 1200/1150/902 1206/1007/902 1746/1007/902 1742/1151/902 1733/1152/902 1727/1153/902 1725/1154/902 1182/1130/902 1197/1155/902
f 1217/1156/903 1224/963/903 1767/963/903 1760/1157/903 1757/1158/903 1752/1006/903 1212/1006/903 1221/1159/903
f 1317/996/904 1323/998/904 1869/998/904 1860/996/904
f 1502/1084/905 1497/966/905 2037/966/905 2043/1084/905
f 1479/1009/906 1473/955/906 2013/955/906 2019/1009/906
f 1401/935/907 1404/1160/907 1949/1056/907 1940/935/907
f 1359/1111/908 1350/1071/908 1896/1071/908 1902/1111/908
f 1509/1114/909 1505/1083/909 2045/1083/909 2049/1114/909
f 1164/1081/910 1155/1161/910 1151/1162/910 1149/1142/910 1686/1142/910 1694/1163/910 1697/1164/910 1701/1081/910
f 1446/1165/911 1440/1166/911 1436/1053/911 1977/1051/911 1980/1167/911 1985/1168/911 1988/1169/911 1991/1170/911 1995/1171/911 2000/1172/911 2004/1021/911 1464/1021/911 1461/1173/911 1455/1174/911 1452/1175/911 1448/1176/911
f 1130/1177/912 1134/1178/912 1135/1179/912 1132/1180/912
f 1132/1180/913 1135/1179/913 1133/1181/913 1131/1145/913
f 1142/1182/914 1137/1183/914 1138/1184/914 1144/1185/914
f 1144/1185/915 1138/1184/915 1136/1144/915 1143/1143/915
f 1137/1183/916 1130/1177/916 1132/1180/916 1138/1184/916
f 1138/1184/917 1132/1180/917 1131/1145/917 1136/1144/917
f 1148/1186/918 1142/1182/918 1144/1185/918 1150/1187/918
f 1150/1187/919 1144/1185/919 1143/1143/919 1149/1142/919
f 1154/1188/920 1152/1189/920 1153/1190/920 1156/1191/920
f 1156/1191/921 1153/1190/921 1151/1162/921 1155/1161/921
f 1152/1189/922 1148/1186/922 1150/1187/922 1153/1190/922
f 1153/1190/923 1150/1187/923 1149/1142/923 1151/1162/923
f 1145/1192/924 1157/1193/924 1159/1194/924 1147/1195/924
f 1147/1195/925 1159/1194/925 1158/1137/925 1146/1196/925
f 1163/1197/926 1154/1188/926 1156/1191/926 1165/1198/926
f 1165/1198/927 1156/1191/927 1155/1161/927 1164/1081/927
f 1169/1199/928 1166/1200/928 1168/1201/928 1171/1202/928
f 1171/1202/929 1168/1201/929 1167/1129/929 1170/1134/929
f 1160/1203/930 1169/1199/930 1171/1202/930 1162/1204/930
f 1162/1204/931 1171/1202/931 1170/1134/931 1161/1133/931
f 1172/1205/932 1163/1197/932 1165/1198/932 1174/1206/932
f 1174/1206/933 1165/1198/933 1164/1080/933 1173/910/933
f 1178/1207/934 1176/1208/934 1177/1209/934 1180/1210/934
f 1180/1210/935 1177/1209/935 1175/909/935 1179/908/935
f 1176/1208/936 1172/1205/936 1174/1206/936 1177/1209/936
f 1177/1209/937 1174/1206/937 1173/910/937 1175/909/937
f 1184/1211/938 1178/1207/938 1180/1210/938 1186/1212/938
f 1186/1212/939 1180/1210/939 1179/908/939 1185/907/939
f 1193/1213/940 1188/1214/940 1189/1215/940 1195/1216/940
f 1195/1216/941 1189/1215/941 1187/1030/941 1194/1029/941
f 1188/1214/942 1184/1211/942 1186/1212/942 1189/1215/942
f 1189/1215/943 1186/1212/943 1185/913/943 1187/1030/943
f 1196/1217/944 1191/1218/944 1192/1219/944 1198/1220/944
f 1198/1220/945 1192/1219/945 1190/1149/945 1197/1155/945
f 1181/1221/946 1196/1217/946 1198/1220/946 1183/1222/946
f 1183/1222/947 1198/1220/947 1197/1155/947 1182/1130/947
f 1202/1223/948 1193/1213/948 1195/1216/948 1204/1224/948
f 1204/1224/949 1195/1216/949 1194/1029/949 1203/1014/949
f 1199/1225/950 1205/1226/950 1207/1227/950 1201/1228/950
f 1201/1228/951 1207/1227/951 1206/1007/951 1200/1150/951
f 1208/1229/952 1202/1223/952 1204/1224/952 1210/1230/952
f 1210/1230/953 1204/1224/953 1203/1014/953 1209/1013/953
f 1214/1231/954 1208/1229/954 1210/1230/954 1216/1232/954
f 1216/1232/955 1210/1230/955 1209/1013/955 1215/1039/955
f 1220/1233/956 1218/1234/956 1219/1235/956 1222/1236/956
f 1222/1236/957 1219/1235/957 1217/1156/957 1221/1159/957
f 1226/1237/958 1214/1231/958 1216/1232/958 1228/1238/958
f 1228/1238/959 1216/1232/959 1215/1038/959 1227/939/959
f 1229/1239/960 1233/1240/960 1234/1241/960 1231/921/960
f 1231/921/961 1234/1241/961 1232/973/961 1230/921/961
f 1238/1242/962 1235/1243/962 1237/920/962 1240/1244/962
f 1240/1244/963 1237/920/963 1236/1092/963 1239/1091/963
f 1235/1243/964 1229/1239/964 1231/921/964 1237/920/964
f 1237/920/965 1231/921/965 1230/921/965 1236/920/965
f 1241/1245/966 1238/1242/966 1240/1244/966 1243/1246/966
f 1243/1246/967 1240/1244/967 1239/1091/967 1242/1090/967
f 1244/1247/968 1241/1245/968 1243/1246/968 1246/1248/968
f 1246/1248/969 1243/1246/969 1242/1090/969 1245/1096/969
f 1250/1249/970 1247/1250/970 1249/951/970 1252/1251/970
f 1252/1251/971 1249/951/971 1248/951/971 1251/950/971
f 1247/1250/972 1244/1247/972 1246/1248/972 1249/951/972
f 1249/951/973 1246/1248/973 1245/1096/973 1248/951/973
f 1253/1252/974 1250/1249/974 1252/1251/974 1255/1253/974
f 1255/1253/975 1252/1251/975 1251/950/975 1254/949/975
f 1259/1254/976 1256/1255/976 1258/954/976 1261/1256/976
f 1261/1256/977 1258/954/977 1257/1059/977 1260/1058/977
f 1256/1255/978 1253/1252/978 1255/1253/978 1258/954/978
f 1258/954/979 1255/1253/979 1254/949/979 1257/954/979
f 1262/1257/980 1259/1254/980 1261/1256/980 1264/1258/980
f 1264/1258/981 1261/1256/981 1260/1058/981 1263/1057/981
f 1268/1259/982 1265/1260/982 1267/1062/982 1270/1261/982
f 1270/1261/983 1267/1062/983 1266/1062/983 1269/1107/983
f 1265/1260/984 1262/1257/984 1264/1258/984 1267/1062/984
f 1267/1062/985 1264/1258/985 1263/1057/985 1266/1062/985
f 1271/1262/986 1268/1259/986 1270/1261/986 1273/1263/986
f 1273/1263/987 1270/1261/987 1269/1107/987 1272/1106/987
f 1274/1264/988 1271/1262/988 1273/1263/988 1276/1089/988
f 1276/1089/989 1273/1263/989 1272/1106/989 1275/1089/989
f 1223/1265/990 1277/1266/990 1279/1267/990 1225/1268/990
f 1225/1268/991 1279/1267/991 1278/964/991 1224/963/991
f 1277/1266/992 1274/1264/992 1276/1089/992 1279/1267/992
f 1279/1267/993 1276/1089/993 1275/1088/993 1278/964/993
f 1233/1240/994 1281/1269/994 1282/1270/994 1234/1241/994
f 1234/1241/995 1282/1270/995 1280/974/995 1232/973/995
f 1281/1269/996 1284/1271/996 1285/1272/996 1282/1270/996
f 1282/1270/997 1285/1272/997 1283/968/997 1280/974/997
f 1284/1271/998 1289/1273/998 1291/969/998 1285/1272/998
f 1285/1272/999 1291/969/999 1290/969/999 1283/968/999
f 1286/1274/1000 1292/1275/1000 1294/1139/1000 1288/1050/1000
f 1288/1050/1001 1294/1139/1001 1293/1139/1001 1287/1050/1001
f 1292/1275/1002 1295/1276/1002 1297/1049/1002 1294/1139/1002
f 1294/1139/1003 1297/1049/1003 1296/1049/1003 1293/1139/1003
f 1301/1277/1004 1298/1278/1004 1300/1279/1004 1303/1280/1004
f 1303/1280/1005 1300/1279/1005 1299/980/1005 1302/979/1005
f 1298/1278/1006 1226/1237/1006 1228/1238/1006 1300/1279/1006
f 1300/1279/1007 1228/1238/1007 1227/939/1007 1299/940/1007
f 1304/1281/1008 1301/1277/1008 1303/1280/1008 1306/1282/1008
f 1306/1282/1009 1303/1280/1009 1302/979/1009 1305/978/1009
f 1314/1283/1010 1311/1284/1010 1312/1285/1010 1315/1286/1010
f 1315/1286/1011 1312/1285/1011 1310/984/1011 1313/903/1011
f 1311/1284/1012 1304/1281/1012 1306/1282/1012 1312/1285/1012
f 1312/1285/1013 1306/1282/1013 1305/978/1013 1310/984/1013
f 1319/1287/1014 1316/1288/1014 1318/996/1014 1321/932/1014
f 1321/932/1015 1318/996/1015 1317/996/1015 1320/932/1015
f 1325/1289/1016 1314/1283/1016 1315/1286/1016 1327/1290/1016
f 1327/1290/1017 1315/1286/1017 1313/903/1017 1326/902/1017
f 1328/1291/1018 1325/1289/1018 1327/1290/1018 1330/1292/1018
f 1330/1292/1019 1327/1290/1019 1326/902/1019 1329/901/1019
f 1331/1293/1020 1334/1294/1020 1336/900/1020 1333/997/1020
f 1333/997/1021 1336/900/1021 1335/900/1021 1332/997/1021
f 1338/1295/1022 1328/1291/1022 1330/1292/1022 1339/1296/1022
f 1339/1296/1023 1330/1292/1023 1329/901/1023 1337/906/1023
f 1340/1297/1024 1338/1295/1024 1339/1296/1024 1342/1298/1024
f 1342/1298/1025 1339/1296/1025 1337/1068/1025 1341/1067/1025
f 1343/1299/1026 1340/1297/1026 1342/1298/1026 1345/1300/1026
f 1345/1300/1027 1342/1298/1027 1341/1067/1027 1344/1066/1027
f 1349/1301/1028 1343/1299/1028 1345/1300/1028 1351/1302/1028
f 1351/1302/1029 1345/1300/1029 1344/1066/1029 1350/1071/1029
f 1346/1303/1030 1352/1304/1030 1354/1040/1030 1348/899/1030
f 1348/899/1031 1354/1040/1031 1353/1132/1031 1347/1131/1031
f 1358/1305/1032 1349/1301/1032 1351/1302/1032 1360/1306/1032
f 1360/1306/1033 1351/1302/1033 1350/1071/1033 1359/1111/1033
f 1365/1307/1034 1361/1308/1034 1363/1082/1034 1366/1041/1034
f 1366/1041/1035 1363/1082/1035 1362/1082/1035 1364/1041/1035
f 1352/1304/1036 1365/1307/1036 1366/1041/1036 1354/1040/1036
f 1354/1040/1037 1366/1041/1037 1364/1041/1037 1353/1040/1037
f 1361/1308/1038 1355/1309/1038 1357/1023/1038 1363/1082/1038
f 1363/1082/1039 1357/1023/1039 1356/1023/1039 1362/1082/1039
f 1355/1309/1040 1370/1310/1040 1372/994/1040 1357/1023/1040
f 1357/1023/1041 1372/994/1041 1371/994/1041 1356/1023/1041
f 1367/1311/1042 1373/1312/1042 1375/1025/1042 1369/995/1042
f 1369/995/1043 1375/1025/1043 1374/1025/1043 1368/995/1043
f 1373/1312/1044 1376/1313/1044 1378/1026/1044 1375/1025/1044
f 1375/1025/1045 1378/1026/1045 1377/1026/1045 1374/1025/1045
f 1379/1314/1046 1358/1305/1046 1360/1306/1046 1381/1315/1046
f 1381/1315/1047 1360/1306/1047 1359/1110/1047 1380/1035/1047
f 1376/1313/1048 1385/1316/1048 1387/1085/1048 1378/1026/1048
f 1378/1026/1049 1387/1085/1049 1386/1085/1049 1377/1026/1049
f 1388/1317/1050 1394/1318/1050 1396/1319/1050 1390/1054/1050
f 1390/1054/1051 1396/1319/1051 1395/1141/1051 1389/1054/1051
f 1391/1320/1052 1379/1314/1052 1381/1315/1052 1393/1321/1052
f 1393/1321/1053 1381/1315/1053 1380/1034/1053 1392/1033/1053
f 1397/1322/1054 1391/1320/1054 1393/1321/1054 1399/1323/1054
f 1399/1323/1055 1393/1321/1055 1392/1033/1055 1398/1064/1055
f 1394/1318/1056 1400/1324/1056 1402/1325/1056 1396/1319/1056
f 1396/1319/1057 1402/1325/1057 1401/935/1057 1395/934/1057
f 1407/1326/1058 1397/1322/1058 1399/1323/1058 1408/1327/1058
f 1408/1327/1059 1399/1323/1059 1398/1064/1059 1406/1063/1059
f 1409/1328/1060 1407/1326/1060 1408/1327/1060 1411/1329/1060
f 1411/1329/1061 1408/1327/1061 1406/1065/1061 1410/1140/1061
f 1412/1330/1062 1409/1328/1062 1411/1329/1062 1414/1331/1062
f 1414/1331/1063 1411/1329/1063 1410/1140/1063 1413/1044/1063
f 1424/1332/1064 1412/1330/1064 1414/1331/1064 1426/1333/1064
f 1426/1333/1065 1414/1331/1065 1413/1043/1065 1425/1042/1065
f 1427/1334/1066 1424/1332/1066 1426/1333/1066 1429/1335/1066
f 1429/1335/1067 1426/1333/1067 1425/1042/1067 1428/1079/1067
f 1433/1336/1068 1427/1334/1068 1429/1335/1068 1435/1337/1068
f 1435/1337/1069 1429/1335/1069 1428/1079/1069 1434/1052/1069
f 1437/1338/1070 1433/1336/1070 1435/1337/1070 1438/1339/1070
f 1438/1339/1071 1435/1337/1071 1434/1052/1071 1436/1051/1071
f 1439/1340/1072 1437/1338/1072 1438/1339/1072 1441/1341/1072
f 1441/1341/1073 1438/1339/1073 1436/1053/1073 1440/1166/1073
f 1445/1342/1074 1439/1340/1074 1441/1341/1074 1447/1343/1074
f 1447/1343/1075 1441/1341/1075 1440/1166/1075 1446/1165/1075
f 1451/1344/1076 1449/1345/1076 1450/1346/1076 1453/1347/1076
f 1453/1347/1077 1450/1346/1077 1448/1176/1077 1452/1175/1077
f 1449/1345/1078 1445/1342/1078 1447/1343/1078 1450/1346/1078
f 1450/1346/1079 1447/1343/1079 1446/1165/1079 1448/1176/1079
f 1454/1348/1080 1451/1344/1080 1453/1347/1080 1456/1349/1080
f 1456/1349/1081 1453/1347/1081 1452/1175/1081 1455/1174/1081
f 1460/1350/1082 1454/1348/1082 1456/1349/1082 1462/1351/1082
f 1462/1351/1083 1456/1349/1083 1455/1174/1083 1461/1173/1083
f 1463/1352/1084 1460/1350/1084 1462/1351/1084 1465/1021/1084
f 1465/1021/1085 1462/1351/1085 1461/1173/1085 1464/1021/1085
f 1466/1353/1086 1463/1352/1086 1465/1021/1086 1468/1020/1086
f 1468/1020/1087 1465/1021/1087 1464/1021/1087 1467/1020/1087
f 1469/1354/1088 1466/1353/1088 1468/1020/1088 1471/956/1088
f 1471/956/1089 1468/1020/1089 1467/1022/1089 1470/956/1089
f 1472/1355/1090 1469/1354/1090 1471/956/1090 1474/955/1090
f 1474/955/1091 1471/956/1091 1470/956/1091 1473/955/1091
f 1478/1356/1092 1472/1355/1092 1474/955/1092 1480/1009/1092
f 1480/1009/1093 1474/955/1093 1473/955/1093 1479/1009/1093
f 1484/1357/1094 1481/1358/1094 1483/1008/1094 1486/1018/1094
f 1486/1018/1095 1483/1008/1095 1482/1019/1095 1485/1018/1095
f 1481/1358/1096 1478/1356/1096 1480/1009/1096 1483/1008/1096
f 1483/1008/1097 1480/1009/1097 1479/1009/1097 1482/1008/1097
f 1490/1359/1098 1484/1357/1098 1486/1018/1098 1492/1037/1098
f 1492/1037/1099 1486/1018/1099 1485/1018/1099 1491/1037/1099
f 1493/1360/1100 1490/1359/1100 1492/1037/1100 1495/967/1100
f 1495/967/1101 1492/1037/1101 1491/1036/1101 1494/967/1101
f 1496/1361/1102 1493/1360/1102 1495/967/1102 1498/966/1102
f 1498/966/1103 1495/967/1103 1494/967/1103 1497/966/1103
f 1503/1362/1104 1496/1361/1104 1498/966/1104 1504/1084/1104
f 1504/1084/1105 1498/966/1105 1497/966/1105 1502/1084/1105
f 1506/1363/1106 1503/1362/1106 1504/1084/1106 1507/1083/1106
f 1507/1083/1107 1504/1084/1107 1502/1084/1107 1505/1083/1107
f 1508/1364/1108 1506/1363/1108 1507/1083/1108 1510/1114/1108
f 1510/1114/1109 1507/1083/1109 1505/1083/1109 1509/1114/1109
f 1515/1365/1110 1511/1366/1110 1513/1112/1110 1516/1118/1110
f 1516/1118/1111 1513/1112/1111 1512/1112/1111 1514/1118/1111
f 1511/1366/1112 1508/1364/1112 1510/1114/1112 1513/1112/1112
f 1513/1112/1113 1510/1114/1113 1509/1113/1113 1512/1112/1113
f 1521/1367/1114 1515/1365/1114 1516/1118/1114 1522/1117/1114
f 1522/1117/1115 1516/1118/1115 1514/1118/1115 1520/1117/1115
f 1526/1368/1116 1521/1367/1116 1522/1117/1116 1528/1119/1116
f 1528/1119/1117 1522/1117/1117 1520/1120/1117 1527/1119/1117
f 1533/1369/1118 1529/1370/1118 1531/962/1118 1534/961/1118
f 1534/961/1119 1531/962/1119 1530/962/1119 1532/961/1119
f 1529/1370/1120 1526/1368/1120 1528/1119/1120 1531/962/1120
f 1531/962/1121 1528/1119/1121 1527/1119/1121 1530/962/1121
f 1536/1371/1122 1533/1369/1122 1534/961/1122 1537/1125/1122
f 1537/1125/1123 1534/961/1123 1532/961/1123 1535/1125/1123
f 1538/1372/1124 1536/1371/1124 1537/1125/1124 1540/1126/1124
f 1540/1126/1125 1537/1125/1125 1535/1125/1125 1539/1126/1125
f 1544/1373/1126 1538/1372/1126 1540/1126/1126 1546/1087/1126
f 1546/1087/1127 1540/1126/1127 1539/1126/1127 1545/1087/1127
f 1553/1374/1128 1544/1373/1128 1546/1087/1128 1555/1086/1128
f 1555/1086/1129 1546/1087/1129 1545/1087/1129 1554/1086/1129
f 1557/1375/1130 1553/1374/1130 1555/1086/1130 1558/1102/1130
f 1558/1102/1131 1555/1086/1131 1554/1138/1131 1556/1102/1131
f 1559/1376/1132 1557/1375/1132 1558/1102/1132 1561/1377/1132
f 1561/1377/1133 1558/1102/1133 1556/1102/1133 1560/1101/1133
f 1562/1378/1134 1559/1376/1134 1561/1377/1134 1564/1379/1134
f 1564/1379/1135 1561/1377/1135 1560/1101/1135 1563/1100/1135
f 1565/1380/1136 1562/1378/1136 1564/1379/1136 1567/1381/1136
f 1567/1381/1137 1564/1379/1137 1563/1100/1137 1566/1099/1137
f 1568/1382/1138 1565/1380/1138 1567/1381/1138 1570/945/1138
f 1570/945/1139 1567/1381/1139 1566/1099/1139 1569/945/1139
f 1572/1383/1140 1568/1382/1140 1570/945/1140 1573/943/1140
f 1573/943/1141 1570/945/1141 1569/944/1141 1571/943/1141
f 1574/1384/1142 1572/1383/1142 1573/943/1142 1576/1385/1142
f 1576/1385/1143 1573/943/1143 1571/943/1143 1575/990/1143
f 1577/1386/1144 1574/1384/1144 1576/1385/1144 1579/1387/1144
f 1579/1387/1145 1576/1385/1145 1575/990/1145 1578/989/1145
f 1580/1388/1146 1577/1386/1146 1579/1387/1146 1582/1389/1146
f 1582/1389/1147 1579/1387/1147 1578/989/1147 1581/988/1147
f 1584/1390/1148 1580/1388/1148 1582/1389/1148 1585/987/1148
f 1585/987/1149 1582/1389/1149 1581/988/1149 1583/987/1149
f 1586/1391/1150 1584/1390/1150 1585/987/1150 1588/1392/1150
f 1588/1392/1151 1585/987/1151 1583/987/1151 1587/1122/1151
f 1589/1393/1152 1586/1391/1152 1588/1392/1152 1591/1394/1152
f 1591/1394/1153 1588/1392/1153 1587/1122/1153 1590/1121/1153
f 1593/1395/1154 1589/1393/1154 1591/1394/1154 1594/1396/1154
f 1594/1396/1155 1591/1394/1155 1590/1121/1155 1592/1016/1155
f 1551/1397/1156 1593/1395/1156 1594/1396/1156 1552/1398/1156
f 1552/1398/1157 1594/1396/1157 1592/1016/1157 1550/1001/1157
f 1595/1399/1158 1551/1397/1158 1552/1398/1158 1597/1400/1158
f 1597/1400/1159 1552/1398/1159 1550/1001/1159 1596/1000/1159
f 1598/1401/1160 1595/1399/1160 1597/1400/1160 1600/1402/1160
f 1600/1402/1161 1597/1400/1161 1596/1000/1161 1599/999/1161
f 1608/1403/1162 1602/1404/1162 1603/1405/1162 1609/1406/1162
f 1609/1406/1163 1603/1405/1163 1601/1005/1163 1607/916/1163
f 1602/1404/1164 1598/1401/1164 1600/1402/1164 1603/1405/1164
f 1603/1405/1165 1600/1402/1165 1599/999/1165 1601/1005/1165
f 1610/1407/1166 1608/1403/1166 1609/1406/1166 1612/1408/1166
f 1612/1408/1167 1609/1406/1167 1607/916/1167 1611/915/1167
f 1616/1409/1168 1610/1407/1168 1612/1408/1168 1618/1410/1168
f 1618/1410/1169 1612/1408/1169 1611/915/1169 1617/914/1169
f 1620/1411/1170 1616/1409/1170 1618/1410/1170 1621/1412/1170
f 1621/1412/1171 1618/1410/1171 1617/914/1171 1619/919/1171
f 1622/1413/1172 1620/1411/1172 1621/1412/1172 1624/1414/1172
f 1624/1414/1173 1621/1412/1173 1619/919/1173 1623/958/1173
f 1628/1415/1174 1622/1413/1174 1624/1414/1174 1630/1416/1174
f 1630/1416/1175 1624/1414/1175 1623/958/1175 1629/957/1175
f 1632/1417/1176 1628/1415/1176 1630/1416/1176 1633/1418/1176
f 1633/1418/1177 1630/1416/1177 1629/957/1177 1631/927/1177
f 1637/1419/1178 1632/1417/1178 1633/1418/1178 1639/1420/1178
f 1639/1420/1179 1633/1418/1179 1631/926/1179 1638/925/1179
f 1640/1421/1180 1637/1419/1180 1639/1420/1180 1642/1422/1180
f 1642/1422/1181 1639/1420/1181 1638/925/1181 1641/924/1181
f 1647/1423/1072 1640/1421/1072 1642/1422/1072 1648/1424/1072
f 1648/1424/1182 1642/1422/1182 1641/924/1182 1646/930/1182
f 1649/1425/1183 1647/1423/1183 1648/1424/1183 1651/1426/1183
f 1651/1426/1184 1648/1424/1184 1646/930/1184 1650/1073/1184
f 1652/1427/1185 1649/1425/1185 1651/1426/1185 1654/1428/1185
f 1654/1428/1186 1651/1426/1186 1650/1073/1186 1653/1072/1186
f 1658/1429/1187 1656/1430/1187 1657/1431/1187 1660/1432/1187
f 1660/1432/1188 1657/1431/1188 1655/1078/1188 1659/1028/1188
f 1656/1430/1189 1652/1427/1189 1654/1428/1189 1657/1431/1189
f 1657/1431/1190 1654/1428/1190 1653/1072/1190 1655/1078/1190
f 1667/1433/1191 1658/1429/1191 1660/1432/1191 1669/1434/1191
f 1669/1434/1192 1660/1432/1192 1659/1028/1192 1668/1024/1192
f 1664/1435/1193 1667/1433/1193 1669/1434/1193 1666/1436/1193
f 1666/1436/1194 1669/1434/1194 1668/1024/1194 1665/976/1194
f 1661/1437/1195 1664/1435/1195 1666/1436/1195 1663/1438/1195
f 1663/1438/1196 1666/1436/1196 1665/976/1196 1662/975/1196
f 1643/1439/1197 1661/1437/1197 1663/1438/1197 1645/1440/1197
f 1645/1440/1198 1663/1438/1198 1662/975/1198 1644/1012/1198
f 1634/1441/1199 1643/1439/1199 1645/1440/1199 1636/1442/1199
f 1636/1442/1200 1645/1440/1200 1644/1012/1200 1635/948/1200
f 1625/1443/1201 1634/1441/1201 1636/1442/1201 1627/1444/1201
f 1627/1444/1202 1636/1442/1202 1635/947/1202 1626/946/1202
f 1613/1445/1203 1625/1443/1203 1627/1444/1203 1615/1446/1203
f 1615/1446/1204 1627/1444/1204 1626/946/1204 1614/1048/1204
f 1604/1447/1205 1613/1445/1205 1615/1446/1205 1606/1448/1205
f 1606/1448/1206 1615/1446/1206 1614/1047/1206 1605/942/1206
f 1547/1449/1207 1604/1447/1207 1606/1448/1207 1549/1450/1207
f 1549/1450/1208 1606/1448/1208 1605/942/1208 1548/941/1208
f 1541/1451/1209 1547/1449/1209 1549/1450/1209 1543/1452/1209
f 1543/1452/1210 1549/1450/1210 1548/1128/1210 1542/1011/1210
f 1523/1453/1211 1541/1451/1211 1543/1452/1211 1525/1454/1211
f 1525/1454/1212 1543/1452/1212 1542/1011/1212 1524/1010/1212
f 1517/1455/1213 1523/1453/1213 1525/1454/1213 1519/1456/1213
f 1519/1456/1214 1525/1454/1214 1524/1116/1214 1518/1115/1214
f 1499/1457/1215 1517/1455/1215 1519/1456/1215 1501/1458/1215
f 1501/1458/1216 1519/1456/1216 1518/1115/1216 1500/1098/1216
f 1487/1459/1217 1499/1457/1217 1501/1458/1217 1489/1460/1217
f 1489/1460/1218 1501/1458/1218 1500/1098/1218 1488/1097/1218
f 1475/1461/1219 1487/1459/1219 1489/1460/1219 1477/1462/1219
f 1477/1462/1220 1489/1460/1220 1488/1097/1220 1476/986/1220
f 1457/1463/1221 1475/1461/1221 1477/1462/1221 1459/1464/1221
f 1459/1464/1222 1477/1462/1222 1476/986/1222 1458/985/1222
f 1442/1465/1223 1457/1463/1223 1459/1464/1223 1444/1466/1223
f 1444/1466/1224 1459/1464/1224 1458/1046/1224 1443/1045/1224
f 1430/1467/1225 1442/1465/1225 1444/1466/1225 1432/1468/1225
f 1432/1468/1226 1444/1466/1226 1443/1045/1226 1431/938/1226
f 1421/1469/1227 1430/1467/1227 1432/1468/1227 1423/1470/1227
f 1423/1470/1228 1432/1468/1228 1431/937/1228 1422/936/1228
f 1418/1471/1229 1421/1469/1229 1423/1470/1229 1420/1472/1229
f 1420/1472/1230 1423/1470/1230 1422/936/1230 1419/923/1230
f 1415/1473/1231 1418/1471/1231 1420/1472/1231 1417/1474/1231
f 1417/1474/1232 1420/1472/1232 1419/923/1232 1416/922/1232
f 1403/1475/1233 1415/1473/1233 1417/1474/1233 1405/1476/1233
f 1405/1476/1234 1417/1474/1234 1416/922/1234 1404/1056/1234
f 1400/1324/1235 1403/1475/1235 1405/1476/1235 1402/1325/1235
f 1402/1325/1236 1405/1476/1236 1404/1160/1236 1401/935/1236
f 1385/1316/1237 1382/1477/1237 1384/1055/1237 1387/1085/1237
f 1387/1085/1238 1384/1055/1238 1383/1055/1238 1386/1085/1238
f 1382/1477/1239 1388/1317/1239 1390/1054/1239 1384/1055/1239
f 1384/1055/1240 1390/1054/1240 1389/1054/1240 1383/1055/1240
f 1370/1310/1241 1367/1311/1241 1369/995/1241 1372/994/1241
f 1372/994/1242 1369/995/1242 1368/995/1242 1371/994/1242
f 1334/1294/1243 1346/1303/1243 1348/899/1243 1336/900/1243
f 1336/900/1244 1348/899/1244 1347/899/1244 1335/900/1244
f 1322/1478/1245 1331/1293/1245 1333/997/1245 1324/998/1245
f 1324/998/1246 1333/997/1246 1332/997/1246 1323/998/1246
f 1316/1288/1247 1322/1478/1247 1324/998/1247 1318/996/1247
f 1318/996/1248 1324/998/1248 1323/998/1248 1317/996/1248
f 1307/1479/1249 1319/1287/1249 1321/932/1249 1309/933/1249
f 1309/933/1250 1321/932/1250 1320/931/1250 1308/933/1250
f 1295/1276/1251 1307/1479/1251 1309/933/1251 1297/1049/1251
f 1297/1049/1252 1309/933/1252 1308/933/1252 1296/1049/1252
f 1289/1273/1253 1286/1274/1253 1288/1050/1253 1291/969/1253
f 1291/969/1254 1288/1050/1254 1287/1050/1254 1290/969/1254
f 1218/1234/1255 1223/1265/1255 1225/1268/1255 1219/1235/1255
f 1219/1235/1256 1225/1268/1256 1224/963/1256 1217/1156/1256
f 1211/1480/1257 1220/1233/1257 1222/1236/1257 1213/1481/1257
f 1213/1481/1258 1222/1236/1258 1221/1159/1258 1212/1006/1258
f 1205/1226/1259 1211/1480/1259 1213/1481/1259 1207/1227/1259
f 1207/1227/1260 1213/1481/1260 1212/1006/1260 1206/1007/1260
f 1191/1218/1261 1199/1225/1261 1201/1228/1261 1192/1219/1261
f 1192/1219/1262 1201/1228/1262 1200/1150/1262 1190/1149/1262
f 1166/1200/1263 1181/1221/1263 1183/1222/1263 1168/1201/1263
f 1168/1201/1264 1183/1222/1264 1182/1130/1264 1167/1129/1264
f 1157/1193/1265 1160/1203/1265 1162/1204/1265 1159/1194/1265
f 1159/1194/1266 1162/1204/1266 1161/1133/1266 1158/1137/1266
f 1139/1482/1267 1145/1192/1267 1147/1195/1267 1141/1483/1267
f 1141/1483/1268 1147/1195/1268 1146/1196/1268 1140/1484/1268
f 1134/1178/1269 1139/1482/1269 1141/1483/1269 1135/1179/1269
f 1135/1179/1270 1141/1483/1270 1140/1484/1270 1133/1181/1270
f 1677/1485/1271 1670/1486/1271 1673/1487/1271 1680/1488/1271 1689/1489/1271 1691/1490/1271 1704/1491/1271 1707/1492/1271 1709/1493/1271 1724/1494/1271 1728/1495/1271 1734/1496/1271 1743/1497/1271 1745/1498/1271 1751/1499/1271 1758/1500/1271 1761/1501/1271 1766/1502/1271 1820/1503/1271 1817/1504/1271 1815/1505/1271 1812/1506/1271 1808/1507/1271 1806/1508/1271 1803/1509/1271 1799/1510/1271 1797/1511/1271 1794/1512/1271 1790/1513/1271 1788/1514/1271 1784/1515/1271 1782/1516/1271 1778/1517/1271 1775/1518/1271 1772/1519/1271 1770/1520/1271 1827/1521/1271 1824/1522/1271 1830/1523/1271 1836/1524/1271 1847/1525/1271 1845/1526/1271 1850/1527/1271 1859/1528/1271 1868/1529/1271 1872/1530/1271 1881/1531/1271 1883/1532/1271 1889/1533/1271 1893/1534/1271 1904/1535/1271 1898/1536/1271 1908/1537/1271 1911/1538/1271 1920/1539/1271 1913/1540/1271 1923/1541/1271 1926/1542/1271 1929/1543/1271 1935/1544/1271 1941/1545/1271 1950/1546/1271 1952/1547/1271 1964/1548/1271 1959/1549/1271 1970/1550/1271 1982/1551/1271 1997/1552/1271 2015/1553/1271 2027/1554/1271 2039/1555/1271 2051/1556/1271 2063/1557/1271 2081/1558/1271 2087/1559/1271 2141/1560/1271 2154/1561/1271 2165/1562/1271 2180/1563/1271 2183/1564/1271 2195/1565/1271 2204/1566/1271 2207/1567/1271 2201/1568/1271 2199/1569/1271 2193/1570/1271 2189/1571/1271 2186/1572/1271 2178/1573/1271 2174/1574/1271 2171/1575/1271 2169/1576/1271 2162/1577/1271 2159/1578/1271 2157/1579/1271 2150/1580/1271 2147/1581/1271 2145/1582/1271 2139/1583/1271 2135/1584/1271 2090/1585/1271 2132/1586/1271 2130/1587/1271 2127/1588/1271 2123/1589/1271 2121/1590/1271 2118/1591/1271 2115/1592/1271 2111/1593/1271 2108/1594/1271 2106/1595/1271 2103/1596/1271 2100/1597/1271 2096/1598/1271 2093/1599/1271 2084/1600/1271 2078/1601/1271 2076/1602/1271 2072/1603/1271 2069/1604/1271 2066/1605/1271 2061/1606/1271 2057/1607/1271 2054/1608/1271 2048/1609/1271 2046/1610/1271 2042/1611/1271 2036/1612/1271 2033/1613/1271 2030/1614/1271 2024/1615/1271 2021/1616/1271 2018/1617/1271 2012/1618/1271 2009/1619/1271 2006/1620/1271 2003/1621/1271 2001/1622/1271 1994/1623/1271 1992/1624/1271 1989/1625/1271 1986/1626/1271 1979/1627/1271 1976/1628/1271 1973/1629/1271 1967/1630/1271 1961/1631/1271 1955/1632/1271 1946/1633/1271 1944/1634/1271 1937/1635/1271 1931/1636/1271 1916/1637/1271 1901/1638/1271 1895/1639/1271 1887/1640/1271 1878/1641/1271 1875/1642/1271 1866/1643/1271 1862/1644/1271 1856/1645/1271 1854/1646/1271 1842/1647/1271 1838/1648/1271 1832/1649/1271 1763/1650/1271 1754/1651/1271 1748/1652/1271 1739/1653/1271 1737/1654/1271 1731/1655/1271 1721/1656/1271 1719/1657/1271 1716/1658/1271 1712/1659/1271 1700/1660/1271 1698/1661/1271 1695/1662/1271 1685/1663/1271 1683/1664/1271
f 1671/1145/1272 1674/1665/1272 1675/1666/1272 1672/1667/1272
f 1672/1667/1273 1675/1666/1273 1673/1487/1273 1670/1486/1273
f 1676/1146/1274 1671/1145/1274 1672/1667/1274 1678/1668/1274
f 1678/1668/1275 1672/1667/1275 1670/1486/1275 1677/1485/1275
f 1682/1147/1276 1676/1146/1276 1678/1668/1276 1684/1669/1276
f 1684/1669/1277 1678/1668/1277 1677/1485/1277 1683/1664/1277
f 1686/1148/1278 1682/1147/1278 1684/1669/1278 1687/1670/1278
f 1687/1670/1279 1684/1669/1279 1683/1664/1279 1685/1663/1279
f 1694/1163/1280 1686/1142/1280 1687/1670/1280 1696/1671/1280
f 1696/1671/1281 1687/1670/1281 1685/1663/1281 1695/1662/1281
f 1697/1164/1282 1694/1163/1282 1696/1671/1282 1699/1672/1282
f 1699/1672/1283 1696/1671/1283 1695/1662/1283 1698/1661/1283
f 1701/1081/1284 1697/1164/1284 1699/1672/1284 1702/1673/1284
f 1702/1673/1285 1699/1672/1285 1698/1661/1285 1700/1660/1285
f 1713/910/1286 1701/1081/1286 1702/1673/1286 1714/1674/1286
f 1714/1674/1287 1702/1673/1287 1700/1660/1287 1712/1659/1287
f 1715/911/1288 1713/910/1288 1714/1674/1288 1717/1675/1288
f 1717/1675/1289 1714/1674/1289 1712/1659/1289 1716/1658/1289
f 1718/912/1290 1715/911/1290 1717/1675/1290 1720/1210/1290
f 1720/1210/1291 1717/1675/1291 1716/1658/1291 1719/1657/1291
f 1722/913/1292 1718/912/1292 1720/1210/1292 1723/1676/1292
f 1723/1676/1293 1720/1210/1293 1719/1657/1293 1721/1656/1293
f 1730/1031/1294 1722/913/1294 1723/1676/1294 1732/1677/1294
f 1732/1677/1295 1723/1676/1295 1721/1656/1295 1731/1655/1295
f 1736/1032/1296 1730/1031/1296 1732/1677/1296 1738/1678/1296
f 1738/1678/1297 1732/1677/1297 1731/1655/1297 1737/1654/1297
f 1740/1015/1298 1736/1032/1298 1738/1678/1298 1741/1679/1298
f 1741/1679/1299 1738/1678/1299 1737/1654/1299 1739/1653/1299
f 1749/1013/1300 1740/1015/1300 1741/1679/1300 1750/1680/1300
f 1750/1680/1301 1741/1679/1301 1739/1653/1301 1748/1652/1301
f 1755/1039/1302 1749/1013/1302 1750/1680/1302 1756/1681/1302
f 1756/1681/1303 1750/1680/1303 1748/1652/1303 1754/1651/1303
f 1764/939/1304 1755/1039/1304 1756/1681/1304 1765/1682/1304
f 1765/1682/1305 1756/1681/1305 1754/1651/1305 1763/1650/1305
f 1776/921/1306 1773/972/1306 1774/1241/1306 1777/921/1306
f 1777/921/1307 1774/1241/1307 1772/1519/1307 1775/1518/1307
f 1779/920/1308 1776/921/1308 1777/921/1308 1780/920/1308
f 1780/920/1309 1777/921/1309 1775/1518/1309 1778/1517/1309
f 1781/1093/1310 1779/920/1310 1780/920/1310 1783/1244/1310
f 1783/1244/1311 1780/920/1311 1778/1517/1311 1782/1516/1311
f 1787/1095/1312 1785/1094/1312 1786/1246/1312 1789/1248/1312
f 1789/1248/1313 1786/1246/1313 1784/1515/1313 1788/1514/1313
f 1785/1094/1314 1781/1093/1314 1783/1244/1314 1786/1246/1314
f 1786/1246/1315 1783/1244/1315 1782/1516/1315 1784/1515/1315
f 1791/951/1316 1787/1095/1316 1789/1248/1316 1792/951/1316
f 1792/951/1317 1789/1248/1317 1788/1514/1317 1790/1513/1317
f 1793/952/1318 1791/951/1318 1792/951/1318 1795/1251/1318
f 1795/1251/1319 1792/951/1319 1790/1513/1319 1794/1512/1319
f 1796/953/1320 1793/952/1320 1795/1251/1320 1798/1253/1320
f 1798/1253/1321 1795/1251/1321 1794/1512/1321 1797/1511/1321
f 1800/954/1322 1796/953/1322 1798/1253/1322 1801/954/1322
f 1801/954/1323 1798/1253/1323 1797/1511/1323 1799/1510/1323
f 1802/1060/1324 1800/954/1324 1801/954/1324 1804/1256/1324
f 1804/1256/1325 1801/954/1325 1799/1510/1325 1803/1509/1325
f 1805/1061/1326 1802/1060/1326 1804/1256/1326 1807/1258/1326
f 1807/1258/1327 1804/1256/1327 1803/1509/1327 1806/1508/1327
f 1809/1062/1328 1805/1061/1328 1807/1258/1328 1810/1062/1328
f 1810/1062/1329 1807/1258/1329 1806/1508/1329 1808/1507/1329
f 1811/1108/1330 1809/1062/1330 1810/1062/1330 1813/1261/1330
f 1813/1261/1331 1810/1062/1331 1808/1507/1331 1812/1506/1331
f 1814/1109/1332 1811/1108/1332 1813/1261/1332 1816/1263/1332
f 1816/1263/1333 1813/1261/1333 1812/1506/1333 1815/1505/1333
f 1818/1089/1334 1814/1109/1334 1816/1263/1334 1819/1089/1334
f 1819/1089/1335 1816/1263/1335 1815/1505/1335 1817/1504/1335
f 1821/964/1336 1818/1089/1336 1819/1089/1336 1822/1683/1336
f 1822/1683/1337 1819/1089/1337 1817/1504/1337 1820/1503/1337
f 1767/965/1338 1821/964/1338 1822/1683/1338 1768/1684/1338
f 1768/1684/1339 1822/1683/1339 1820/1503/1339 1766/1502/1339
f 1826/970/1340 1823/969/1340 1825/969/1340 1828/1272/1340
f 1828/1272/1341 1825/969/1341 1824/1522/1341 1827/1521/1341
f 1769/971/1342 1826/970/1342 1828/1272/1342 1771/1270/1342
f 1771/1270/1343 1828/1272/1343 1827/1521/1343 1770/1520/1343
f 1823/969/1344 1829/1050/1344 1831/1050/1344 1825/969/1344
f 1825/969/1345 1831/1050/1345 1830/1523/1345 1824/1522/1345
f 1833/940/1346 1764/939/1346 1765/1682/1346 1834/1685/1346
f 1834/1685/1347 1765/1682/1347 1763/1650/1347 1832/1649/1347
f 1829/1050/1348 1835/1139/1348 1837/1139/1348 1831/1050/1348
f 1831/1050/1349 1837/1139/1349 1836/1524/1349 1830/1523/1349
f 1841/982/1350 1839/981/1350 1840/1280/1350 1843/1686/1350
f 1843/1686/1351 1840/1280/1351 1838/1648/1351 1842/1647/1351
f 1839/981/1352 1833/940/1352 1834/1685/1352 1840/1280/1352
f 1840/1280/1353 1834/1685/1353 1832/1649/1353 1838/1648/1353
f 1848/1049/1354 1844/933/1354 1846/933/1354 1849/1049/1354
f 1849/1049/1355 1846/933/1355 1845/1526/1355 1847/1525/1355
f 1835/1139/1356 1848/1049/1356 1849/1049/1356 1837/1139/1356
f 1837/1139/1357 1849/1049/1357 1847/1525/1357 1836/1524/1357
f 1853/983/1358 1841/982/1358 1843/1686/1358 1855/1687/1358
f 1855/1687/1359 1843/1686/1359 1842/1647/1359 1854/1646/1359
f 1857/903/1360 1853/983/1360 1855/1687/1360 1858/1688/1360
f 1858/1688/1361 1855/1687/1361 1854/1646/1361 1856/1645/1361
f 1865/905/1362 1863/904/1362 1864/1689/1362 1867/1292/1362
f 1867/1292/1363 1864/1689/1363 1862/1644/1363 1866/1643/1363
f 1863/904/1364 1857/903/1364 1858/1688/1364 1864/1689/1364
f 1864/1689/1365 1858/1688/1365 1856/1645/1365 1862/1644/1365
f 1869/998/1366 1871/997/1366 1873/997/1366 1870/998/1366
f 1870/998/1367 1873/997/1367 1872/1530/1367 1868/1529/1367
f 1877/1069/1368 1874/906/1368 1876/1690/1368 1879/1691/1368
f 1879/1691/1369 1876/1690/1369 1875/1642/1369 1878/1641/1369
f 1874/906/1370 1865/905/1370 1867/1292/1370 1876/1690/1370
f 1876/1690/1371 1867/1292/1371 1866/1643/1371 1875/1642/1371
f 1871/997/1372 1880/900/1372 1882/900/1372 1873/997/1372
f 1873/997/1373 1882/900/1373 1881/1531/1373 1872/1530/1373
f 1886/1070/1374 1877/1069/1374 1879/1691/1374 1888/1692/1374
f 1888/1692/1375 1879/1691/1375 1878/1641/1375 1887/1640/1375
f 1890/1040/1376 1892/1041/1376 1894/1041/1376 1891/1040/1376
f 1891/1040/1377 1894/1041/1377 1893/1534/1377 1889/1533/1377
f 1896/1071/1378 1886/1070/1378 1888/1692/1378 1897/1693/1378
f 1897/1693/1379 1888/1692/1379 1887/1640/1379 1895/1639/1379
f 1902/1111/1380 1896/1071/1380 1897/1693/1380 1903/1694/1380
f 1903/1694/1381 1897/1693/1381 1895/1639/1381 1901/1638/1381
f 1899/1023/1382 1907/994/1382 1909/994/1382 1900/1023/1382
f 1900/1023/1383 1909/994/1383 1908/1537/1383 1898/1536/1383
f 1907/994/1384 1910/995/1384 1912/995/1384 1909/994/1384
f 1909/994/1385 1912/995/1385 1911/1538/1385 1908/1537/1385
f 1917/1035/1386 1902/1111/1386 1903/1694/1386 1918/1695/1386
f 1918/1695/1387 1903/1694/1387 1901/1638/1387 1916/1637/1387
f 1910/995/1388 1919/1025/1388 1921/1025/1388 1912/995/1388
f 1912/995/1389 1921/1025/1389 1920/1539/1389 1911/1538/1389
f 1914/1026/1390 1922/1085/1390 1924/1085/1390 1915/1026/1390
f 1915/1026/1391 1924/1085/1391 1923/1541/1391 1913/1540/1391
f 1922/1085/1392 1925/1055/1392 1927/1055/1392 1924/1085/1392
f 1924/1085/1393 1927/1055/1393 1926/1542/1393 1923/1541/1393
f 1925/1055/1394 1928/1054/1394 1930/1054/1394 1927/1055/1394
f 1927/1055/1395 1930/1054/1395 1929/1543/1395 1926/1542/1395
f 1932/1033/1396 1917/1035/1396 1918/1695/1396 1933/1696/1396
f 1933/1696/1397 1918/1695/1397 1916/1637/1397 1931/1636/1397
f 1928/1054/1398 1934/934/1398 1936/1697/1398 1930/1054/1398
f 1930/1054/1399 1936/1697/1399 1935/1544/1399 1929/1543/1399
f 1938/1064/1400 1932/1033/1400 1933/1696/1400 1939/1698/1400
f 1939/1698/1401 1933/1696/1401 1931/1636/1401 1937/1635/1401
f 1934/934/1402 1940/935/1402 1942/1699/1402 1936/1697/1402
f 1936/1697/1403 1942/1699/1403 1941/1545/1403 1935/1544/1403
f 1947/1140/1404 1943/1063/1404 1945/1327/1404 1948/1700/1404
f 1948/1700/1405 1945/1327/1405 1944/1634/1405 1946/1633/1405
f 1943/1065/1406 1938/1064/1406 1939/1698/1406 1945/1327/1406
f 1945/1327/1407 1939/1698/1407 1937/1635/1407 1944/1634/1407
f 1940/935/1408 1949/1056/1408 1951/1701/1408 1942/1699/1408
f 1942/1699/1409 1951/1701/1409 1950/1546/1409 1941/1545/1409
f 1956/1044/1410 1947/1140/1410 1948/1700/1410 1957/1702/1410
f 1957/1702/1411 1948/1700/1411 1946/1633/1411 1955/1632/1411
f 1962/1042/1412 1956/1044/1412 1957/1702/1412 1963/1703/1412
f 1963/1703/1413 1957/1702/1413 1955/1632/1413 1961/1631/1413
f 1965/923/1414 1958/936/1414 1960/1704/1414 1966/1705/1414
f 1966/1705/1415 1960/1704/1415 1959/1549/1415 1964/1548/1415
f 1968/1079/1416 1962/1042/1416 1963/1703/1416 1969/1706/1416
f 1969/1706/1417 1963/1703/1417 1961/1631/1417 1967/1630/1417
f 1974/1052/1418 1968/1079/1418 1969/1706/1418 1975/1707/1418
f 1975/1707/1419 1969/1706/1419 1967/1630/1419 1973/1629/1419
f 1977/1053/1420 1974/1052/1420 1975/1707/1420 1978/1708/1420
f 1978/1708/1421 1975/1707/1421 1973/1629/1421 1976/1628/1421
f 1985/1168/1422 1980/1167/1422 1981/1709/1422 1987/1710/1422
f 1987/1710/1423 1981/1709/1423 1979/1627/1423 1986/1626/1423
f 1980/1167/1424 1977/1051/1424 1978/1708/1424 1981/1709/1424
f 1981/1709/1425 1978/1708/1425 1976/1628/1425 1979/1627/1425
f 1988/1169/1426 1985/1168/1426 1987/1710/1426 1990/1711/1426
f 1990/1711/1427 1987/1710/1427 1986/1626/1427 1989/1625/1427
f 1991/1170/1428 1988/1169/1428 1990/1711/1428 1993/1347/1428
f 1993/1347/1429 1990/1711/1429 1989/1625/1429 1992/1624/1429
f 2000/1172/1430 1995/1171/1430 1996/1349/1430 2002/1351/1430
f 2002/1351/1431 1996/1349/1431 1994/1623/1431 2001/1622/1431
f 1995/1171/1432 1991/1170/1432 1993/1347/1432 1996/1349/1432
f 1996/1349/1433 1993/1347/1433 1992/1624/1433 1994/1623/1433
f 2004/1021/1434 2000/1172/1434 2002/1351/1434 2005/1021/1434
f 2005/1021/1435 2002/1351/1435 2001/1622/1435 2003/1621/1435
f 2007/1022/1436 2004/1021/1436 2005/1021/1436 2008/1020/1436
f 2008/1020/1437 2005/1021/1437 2003/1621/1437 2006/1620/1437
f 2010/956/1438 2007/1020/1438 2008/1020/1438 2011/956/1438
f 2011/956/1439 2008/1020/1439 2006/1620/1439 2009/1619/1439
f 2013/955/1440 2010/956/1440 2011/956/1440 2014/955/1440
f 2014/955/1441 2011/956/1441 2009/1619/1441 2012/1618/1441
f 2019/1009/1442 2013/955/1442 2014/955/1442 2020/1009/1442
f 2020/1009/1443 2014/955/1443 2012/1618/1443 2018/1617/1443
f 2022/1008/1444 2019/1009/1444 2020/1009/1444 2023/1008/1444
f 2023/1008/1445 2020/1009/1445 2018/1617/1445 2021/1616/1445
f 2025/1018/1446 2022/1008/1446 2023/1008/1446 2026/1018/1446
f 2026/1018/1447 2023/1008/1447 2021/1616/1447 2024/1615/1447
f 2031/1037/1448 2025/1018/1448 2026/1018/1448 2032/1037/1448
f 2032/1037/1449 2026/1018/1449 2024/1615/1449 2030/1614/1449
f 2034/967/1450 2031/1037/1450 2032/1037/1450 2035/967/1450
f 2035/967/1451 2032/1037/1451 2030/1614/1451 2033/1613/1451
f 2037/966/1452 2034/967/1452 2035/967/1452 2038/966/1452
f 2038/966/1453 2035/967/1453 2033/1613/1453 2036/1612/1453
f 2043/1084/1454 2037/966/1454 2038/966/1454 2044/1084/1454
f 2044/1084/1455 2038/966/1455 2036/1612/1455 2042/1611/1455
f 2049/1114/1456 2045/1083/1456 2047/1083/1456 2050/1114/1456
f 2050/1114/1457 2047/1083/1457 2046/1610/1457 2048/1609/1457
f 2045/1083/1458 2043/1084/1458 2044/1084/1458 2047/1083/1458
f 2047/1083/1459 2044/1084/1459 2042/1611/1459 2046/1610/1459
f 2055/1112/1460 2049/1114/1460 2050/1114/1460 2056/1112/1460
f 2056/1112/1461 2050/1114/1461 2048/1609/1461 2054/1608/1461
f 2058/1118/1462 2055/1112/1462 2056/1112/1462 2059/1118/1462
f 2059/1118/1463 2056/1112/1463 2054/1608/1463 2057/1607/1463
f 2067/1119/1464 2060/1117/1464 2062/1117/1464 2068/1119/1464
f 2068/1119/1465 2062/1117/1465 2061/1606/1465 2066/1605/1465
f 2060/1117/1466 2058/1118/1466 2059/1118/1466 2062/1117/1466
f 2062/1117/1467 2059/1118/1467 2057/1607/1467 2061/1606/1467
f 2070/962/1468 2067/1119/1468 2068/1119/1468 2071/962/1468
f 2071/962/1469 2068/1119/1469 2066/1605/1469 2069/1604/1469
f 2073/961/1470 2070/962/1470 2071/962/1470 2074/961/1470
f 2074/961/1471 2071/962/1471 2069/1604/1471 2072/1603/1471
f 2079/1127/1472 2075/1125/1472 2077/1125/1472 2080/1126/1472
f 2080/1126/1473 2077/1125/1473 2076/1602/1473 2078/1601/1473
f 2075/1125/1474 2073/961/1474 2074/961/1474 2077/1125/1474
f 2077/1125/1475 2074/961/1475 2072/1603/1475 2076/1602/1475
f 2085/1087/1476 2079/1126/1476 2080/1126/1476 2086/1087/1476
f 2086/1087/1477 2080/1126/1477 2078/1601/1477 2084/1600/1477
f 2094/1086/1478 2085/1087/1478 2086/1087/1478 2095/1086/1478
f 2095/1086/1479 2086/1087/1479 2084/1600/1479 2093/1599/1479
f 2097/1102/1480 2094/1086/1480 2095/1086/1480 2098/1102/1480
f 2098/1102/1481 2095/1086/1481 2093/1599/1481 2096/1598/1481
f 2099/1103/1482 2097/1102/1482 2098/1102/1482 2101/1377/1482
f 2101/1377/1483 2098/1102/1483 2096/1598/1483 2100/1597/1483
f 2102/1104/1484 2099/1103/1484 2101/1377/1484 2104/1379/1484
f 2104/1379/1485 2101/1377/1485 2100/1597/1485 2103/1596/1485
f 2105/1105/1486 2102/1104/1486 2104/1379/1486 2107/1381/1486
f 2107/1381/1487 2104/1379/1487 2103/1596/1487 2106/1595/1487
f 2109/945/1488 2105/1105/1488 2107/1381/1488 2110/945/1488
f 2110/945/1489 2107/1381/1489 2106/1595/1489 2108/1594/1489
f 2112/943/1490 2109/945/1490 2110/945/1490 2113/943/1490
f 2113/943/1491 2110/945/1491 2108/1594/1491 2111/1593/1491
f 2114/991/1492 2112/943/1492 2113/943/1492 2116/1385/1492
f 2116/1385/1493 2113/943/1493 2111/1593/1493 2115/1592/1493
f 2117/992/1494 2114/991/1494 2116/1385/1494 2119/1387/1494
f 2119/1387/1495 2116/1385/1495 2115/1592/1495 2118/1591/1495
f 2120/993/1496 2117/992/1496 2119/1387/1496 2122/1389/1496
f 2122/1389/1497 2119/1387/1497 2118/1591/1497 2121/1590/1497
f 2124/987/1498 2120/993/1498 2122/1389/1498 2125/987/1498
f 2125/987/1499 2122/1389/1499 2121/1590/1499 2123/1589/1499
f 2126/1123/1500 2124/987/1500 2125/987/1500 2128/1392/1500
f 2128/1392/1501 2125/987/1501 2123/1589/1501 2127/1588/1501
f 2129/1124/1502 2126/1123/1502 2128/1392/1502 2131/1394/1502
f 2131/1394/1503 2128/1392/1503 2127/1588/1503 2130/1587/1503
f 2133/1016/1504 2129/1124/1504 2131/1394/1504 2134/1712/1504
f 2134/1712/1505 2131/1394/1505 2130/1587/1505 2132/1586/1505
f 2091/1017/1506 2133/1016/1506 2134/1712/1506 2092/1713/1506
f 2092/1713/1507 2134/1712/1507 2132/1586/1507 2090/1585/1507
f 2138/1003/1508 2136/1002/1508 2137/1714/1508 2140/1715/1508
f 2140/1715/1509 2137/1714/1509 2135/1584/1509 2139/1583/1509
f 2136/1002/1510 2091/1001/1510 2092/1713/1510 2137/1714/1510
f 2137/1714/1511 2092/1713/1511 2090/1585/1511 2135/1584/1511
f 2144/1004/1512 2138/1003/1512 2140/1715/1512 2146/1405/1512
f 2146/1405/1513 2140/1715/1513 2139/1583/1513 2145/1582/1513
f 2148/916/1514 2144/1004/1514 2146/1405/1514 2149/1406/1514
f 2149/1406/1515 2146/1405/1515 2145/1582/1515 2147/1581/1515
f 2156/918/1516 2151/917/1516 2152/1716/1516 2158/1717/1516
f 2158/1717/1517 2152/1716/1517 2150/1580/1517 2157/1579/1517
f 2151/917/1518 2148/916/1518 2149/1406/1518 2152/1716/1518
f 2152/1716/1519 2149/1406/1519 2147/1581/1519 2150/1580/1519
f 2142/942/1520 2153/1048/1520 2155/1718/1520 2143/1719/1520
f 2143/1719/1521 2155/1718/1521 2154/1561/1521 2141/1560/1521
f 2160/919/1522 2156/918/1522 2158/1717/1522 2161/1720/1522
f 2161/1720/1523 2158/1717/1523 2157/1579/1523 2159/1578/1523
f 2168/960/1524 2163/959/1524 2164/1414/1524 2170/1721/1524
f 2170/1721/1525 2164/1414/1525 2162/1577/1525 2169/1576/1525
f 2163/959/1526 2160/919/1526 2161/1720/1526 2164/1414/1526
f 2164/1414/1527 2161/1720/1527 2159/1578/1527 2162/1577/1527
f 2172/927/1528 2168/960/1528 2170/1721/1528 2173/1722/1528
f 2173/1722/1529 2170/1721/1529 2169/1576/1529 2171/1575/1529
f 2177/929/1530 2175/928/1530 2176/1723/1530 2179/1724/1530
f 2179/1724/1531 2176/1723/1531 2174/1574/1531 2178/1573/1531
f 2175/928/1532 2172/927/1532 2173/1722/1532 2176/1723/1532
f 2176/1723/1533 2173/1722/1533 2171/1575/1533 2174/1574/1533
f 2187/930/1534 2177/929/1534 2179/1724/1534 2188/1725/1534
f 2188/1725/1425 2179/1724/1425 2178/1573/1425 2186/1572/1425
f 2192/1075/1535 2190/1074/1535 2191/1726/1535 2194/1727/1535
f 2194/1727/1536 2191/1726/1536 2189/1571/1536 2193/1570/1536
f 2190/1074/1537 2187/930/1537 2188/1725/1537 2191/1726/1537
f 2191/1726/1538 2188/1725/1538 2186/1572/1538 2189/1571/1538
f 2198/1076/1539 2192/1075/1539 2194/1727/1539 2200/1728/1539
f 2200/1728/1540 2194/1727/1540 2193/1570/1540 2199/1569/1540
f 2202/1077/1541 2198/1076/1541 2200/1728/1541 2203/1729/1541
f 2203/1729/1542 2200/1728/1542 2199/1569/1542 2201/1568/1542
f 2208/1024/1543 2202/1028/1543 2203/1729/1543 2209/1730/1543
f 2209/1730/1544 2203/1729/1544 2201/1568/1544 2207/1567/1544
f 2205/976/1545 2208/1024/1545 2209/1730/1545 2206/1731/1545
f 2206/1731/1546 2209/1730/1546 2207/1567/1546 2204/1566/1546
f 2196/977/1547 2205/976/1547 2206/1731/1547 2197/1732/1547
f 2197/1732/1548 2206/1731/1548 2204/1566/1548 2195/1565/1548
f 2184/1012/1549 2196/977/1549 2197/1732/1549 2185/1733/1549
f 2185/1733/1550 2197/1732/1550 2195/1565/1550 2183/1564/1550
f 2181/948/1551 2184/1012/1551 2185/1733/1551 2182/1734/1551
f 2182/1734/1552 2185/1733/1552 2183/1564/1552 2180/1563/1552
f 2166/946/1553 2181/948/1553 2182/1734/1553 2167/1735/1553
f 2167/1735/1554 2182/1734/1554 2180/1563/1554 2165/1562/1554
f 2153/1048/1555 2166/946/1555 2167/1735/1555 2155/1718/1555
f 2155/1718/1556 2167/1735/1556 2165/1562/1556 2154/1561/1556
f 2088/941/1557 2142/942/1557 2143/1719/1557 2089/1736/1557
f 2089/1736/1558 2143/1719/1558 2141/1560/1558 2087/1559/1558
f 2082/1011/1559 2088/941/1559 2089/1736/1559 2083/1737/1559
f 2083/1737/1560 2089/1736/1560 2087/1559/1560 2081/1558/1560
f 2064/1010/1561 2082/1011/1561 2083/1737/1561 2065/1738/1561
f 2065/1738/1562 2083/1737/1562 2081/1558/1562 2063/1557/1562
f 2052/1115/1563 2064/1010/1563 2065/1738/1563 2053/1739/1563
f 2053/1739/1564 2065/1738/1564 2063/1557/1564 2051/1556/1564
f 2040/1098/1565 2052/1115/1565 2053/1739/1565 2041/1740/1565
f 2041/1740/1566 2053/1739/1566 2051/1556/1566 2039/1555/1566
f 2028/1097/1567 2040/1098/1567 2041/1740/1567 2029/1741/1567
f 2029/1741/1568 2041/1740/1568 2039/1555/1568 2027/1554/1568
f 2016/986/1569 2028/1097/1569 2029/1741/1569 2017/1742/1569
f 2017/1742/1570 2029/1741/1570 2027/1554/1570 2015/1553/1570
f 1998/985/1571 2016/986/1571 2017/1742/1571 1999/1743/1571
f 1999/1743/1572 2017/1742/1572 2015/1553/1572 1997/1552/1572
f 1983/1045/1573 1998/985/1573 1999/1743/1573 1984/1744/1573
f 1984/1744/1574 1999/1743/1574 1997/1552/1574 1982/1551/1574
f 1971/937/1575 1983/1045/1575 1984/1744/1575 1972/1745/1575
f 1972/1745/1576 1984/1744/1576 1982/1551/1576 1970/1550/1576
f 1958/936/1577 1971/938/1577 1972/1745/1577 1960/1704/1577
f 1960/1704/1578 1972/1745/1578 1970/1550/1578 1959/1549/1578
f 1953/922/1579 1965/923/1579 1966/1705/1579 1954/1746/1579
f 1954/1746/1580 1966/1705/1580 1964/1548/1580 1952/1547/1580
f 1949/1056/1581 1953/922/1581 1954/1746/1581 1951/1701/1581
f 1951/1701/1582 1954/1746/1582 1952/1547/1582 1950/1546/1582
f 1919/1027/1583 1914/1026/1583 1915/1026/1583 1921/1025/1583
f 1921/1025/1584 1915/1026/1584 1913/1540/1584 1920/1539/1584
f 1905/1082/1585 1899/1023/1585 1900/1023/1585 1906/1082/1585
f 1906/1082/1586 1900/1023/1586 1898/1536/1586 1904/1535/1586
f 1892/1041/1587 1905/1082/1587 1906/1082/1587 1894/1041/1587
f 1894/1041/1588 1906/1082/1588 1904/1535/1588 1893/1534/1588
f 1884/899/1589 1890/1040/1589 1891/1040/1589 1885/899/1589
f 1885/899/1590 1891/1040/1590 1889/1533/1590 1883/1532/1590
f 1880/900/1591 1884/899/1591 1885/899/1591 1882/900/1591
f 1882/900/1592 1885/899/1592 1883/1532/1592 1881/1531/1592
f 1860/996/1593 1869/998/1593 1870/998/1593 1861/996/1593
f 1861/996/1594 1870/998/1594 1868/1529/1594 1859/1528/1594
f 1851/932/1595 1860/996/1595 1861/996/1595 1852/932/1595
f 1852/932/1596 1861/996/1596 1859/1528/1596 1850/1527/1596
f 1844/933/1597 1851/932/1597 1852/932/1597 1846/933/1597
f 1846/933/1598 1852/932/1598 1850/1527/1598 1845/1526/1598
f 1773/972/1599 1769/971/1599 1771/1270/1599 1774/1241/1599
f 1774/1241/1600 1771/1270/1600 1770/1520/1600 1772/1519/1600
f 1760/1157/1601 1767/963/1601 1768/1684/1601 1762/1235/1601
f 1762/1235/1602 1768/1684/1602 1766/1502/1602 1761/1501/1602
f 1757/1158/1603 1760/1157/1603 1762/1235/1603 1759/1747/1603
f 1759/1747/1604 1762/1235/1604 1761/1501/1604 1758/1500/1604
f 1752/1006/1605 1757/1158/1605 1759/1747/1605 1753/1748/1605
f 1753/1748/1606 1759/1747/1606 1758/1500/1606 1751/1499/1606
f 1746/1007/1607 1752/1006/1607 1753/1748/1607 1747/1749/1607
f 1747/1749/1608 1753/1748/1608 1751/1499/1608 1745/1498/1608
f 1742/1151/1609 1746/1007/1609 1747/1749/1609 1744/1750/1609
f 1744/1750/1610 1747/1749/1610 1745/1498/1610 1743/1497/1610
f 1733/1152/1611 1742/1151/1611 1744/1750/1611 1735/1751/1611
f 1735/1751/1612 1744/1750/1612 1743/1497/1612 1734/1496/1612
f 1727/1153/1613 1733/1152/1613 1735/1751/1613 1729/1752/1613
f 1729/1752/1614 1735/1751/1614 1734/1496/1614 1728/1495/1614
f 1725/1154/1615 1727/1153/1615 1729/1752/1615 1726/1753/1615
f 1726/1753/1616 1729/1752/1616 1728/1495/1616 1724/1494/1616
f 1710/1129/1617 1725/1130/1617 1726/1753/1617 1711/1754/1617
f 1711/1754/1618 1726/1753/1618 1724/1494/1618 1709/1493/1618
f 1706/1135/1619 1710/1129/1619 1711/1754/1619 1708/1755/1619
f 1708/1755/1620 1711/1754/1620 1709/1493/1620 1707/1492/1620
f 1703/1136/1621 1706/1135/1621 1708/1755/1621 1705/1756/1621
f 1705/1756/1622 1708/1755/1622 1707/1492/1622 1704/1491/1622
f 1692/1137/1623 1703/1136/1623 1705/1756/1623 1693/1757/1623
f 1693/1757/1624 1705/1756/1624 1704/1491/1624 1691/1490/1624
f 1688/1758/1625 1692/1137/1625 1693/1757/1625 1690/1759/1625
f 1690/1759/1626 1693/1757/1626 1691/1490/1626 1689/1489/1626
f 1679/1760/1627 1688/1758/1627 1690/1759/1627 1681/1761/1627
f 1681/1761/1628 1690/1759/1628 1689/1489/1628 1680/1488/1628
f 1674/1665/1629 1679/1760/1629 1681/1761/1629 1675/1666/1629
f 1675/1666/1630 1681/1761/1630 1680/1488/1630 1673/1487/1630
f 1140/1484/1631 1146/1196/1631 1158/1137/1631 1692/1137/1631 1688/1758/1631 1679/1760/1631 1674/1665/1631 1671/1145/1631 1131/1145/1631 1133/1181/1631
f 1664/1145/1632 1544/1145/1632 1667/1145/1632
f 1661/1145/1632 1538/1145/1632 1664/1145/1632
f 1544/1145/1632 1553/1145/1632 1667/1145/1632
f 1547/1145/1632 1515/1145/1632 1604/1145/1632
f 1643/1145/1632 1533/1145/1632 1661/1145/1632
f 1295/1145/1632 1292/1145/1632 1172/1145/1632
f 1319/1145/1632 1307/1145/1632 1202/1145/1632
f 1553/1145/1632 1656/1145/1632 1658/1145/1632
f 1634/1145/1632 1529/1145/1632 1643/1145/1632
f 1493/1145/1632 1475/1145/1632 1457/1145/1632
f 1553/1145/1632 1557/1145/1632 1656/1145/1632
f 1625/1145/1632 1526/1145/1632 1634/1145/1632
f 1503/1145/1632 1506/1145/1632 1517/1145/1632
f 1439/1145/1632 1445/1145/1632 1382/1145/1632
f 1613/1145/1632 1521/1145/1632 1625/1145/1632
f 1557/1145/1632 1559/1145/1632 1647/1145/1632
f 1178/1145/1632 1184/1145/1632 1295/1145/1632
f 1604/1145/1632 1515/1145/1632 1613/1145/1632
f 1316/1145/1632 1319/1145/1632 1208/1145/1632
f 1508/1145/1632 1511/1145/1632 1541/1145/1632
f 1622/1145/1632 1628/1145/1632 1572/1145/1632
f 1235/1145/1632 1238/1145/1632 1145/1145/1632
f 1259/1145/1632 1262/1145/1632 1181/1145/1632
f 1593/1145/1632 1595/1145/1632 1551/1145/1632
f 1376/1145/1632 1433/1145/1632 1437/1145/1632
f 1220/1145/1632 1274/1145/1632 1277/1145/1632
f 1373/1145/1632 1424/1145/1632 1427/1145/1632
f 1572/1145/1632 1574/1145/1632 1620/1145/1632
f 1557/1145/1632 1652/1145/1632 1656/1145/1632
f 1484/1145/1632 1442/1145/1632 1430/1145/1632
f 1233/1145/1632 1229/1145/1632 1137/1145/1632
f 1281/1145/1632 1233/1145/1632 1137/1145/1632
f 1559/1145/1632 1562/1145/1632 1647/1145/1632
f 1637/1145/1632 1565/1145/1632 1568/1145/1632
f 1515/1145/1632 1521/1145/1632 1613/1145/1632
f 1565/1145/1632 1637/1145/1632 1640/1145/1632
f 1595/1145/1632 1598/1145/1632 1586/1145/1632
f 1586/1145/1632 1593/1145/1632 1595/1145/1632
f 1521/1145/1632 1526/1145/1632 1625/1145/1632
f 1538/1145/1632 1544/1145/1632 1664/1145/1632
f 1541/1145/1632 1511/1145/1632 1547/1145/1632
f 1247/1145/1632 1169/1145/1632 1160/1145/1632
f 1376/1145/1632 1373/1145/1632 1427/1145/1632
f 1536/1145/1632 1538/1145/1632 1661/1145/1632
f 1370/1145/1632 1407/1145/1632 1409/1145/1632
f 1481/1145/1632 1484/1145/1632 1421/1145/1632
f 1193/1145/1632 1202/1145/1632 1307/1145/1632
f 1373/1145/1632 1367/1145/1632 1424/1145/1632
f 1298/1145/1632 1301/1145/1632 1331/1145/1632
f 1589/1145/1632 1593/1145/1632 1586/1145/1632
f 1557/1145/1632 1647/1145/1632 1649/1145/1632
f 1508/1145/1632 1523/1145/1632 1506/1145/1632
f 1499/1145/1632 1503/1145/1632 1517/1145/1632
f 1238/1145/1632 1157/1145/1632 1145/1145/1632
f 1499/1145/1632 1496/1145/1632 1503/1145/1632
f 1487/1145/1632 1496/1145/1632 1499/1145/1632
f 1487/1145/1632 1493/1145/1632 1496/1145/1632
f 1487/1145/1632 1475/1145/1632 1493/1145/1632
f 1311/1145/1632 1334/1145/1632 1304/1145/1632
f 1490/1145/1632 1493/1145/1632 1457/1145/1632
f 1526/1145/1632 1529/1145/1632 1634/1145/1632
f 1457/1145/1632 1442/1145/1632 1490/1145/1632
f 1562/1145/1632 1640/1145/1632 1647/1145/1632
f 1481/1145/1632 1418/1145/1632 1415/1145/1632
f 1370/1145/1632 1409/1145/1632 1412/1145/1632
f 1367/1145/1632 1370/1145/1632 1412/1145/1632
f 1421/1145/1632 1418/1145/1632 1481/1145/1632
f 1557/1145/1632 1649/1145/1632 1652/1145/1632
f 1584/1145/1632 1598/1145/1632 1602/1145/1632
f 1478/1145/1632 1481/1145/1632 1415/1145/1632
f 1580/1145/1632 1584/1145/1632 1608/1145/1632
f 1469/1145/1632 1472/1145/1632 1400/1145/1632
f 1472/1145/1632 1478/1145/1632 1403/1145/1632
f 1598/1145/1632 1584/1145/1632 1586/1145/1632
f 1394/1145/1632 1463/1145/1632 1466/1145/1632
f 1460/1145/1632 1463/1145/1632 1394/1145/1632
f 1454/1145/1632 1394/1145/1632 1388/1145/1632
f 1451/1145/1632 1454/1145/1632 1388/1145/1632
f 1388/1145/1632 1382/1145/1632 1449/1145/1632
f 1523/1145/1632 1517/1145/1632 1506/1145/1632
f 1466/1145/1632 1469/1145/1632 1394/1145/1632
f 1169/1145/1632 1247/1145/1632 1250/1145/1632
f 1437/1145/1632 1439/1145/1632 1385/1145/1632
f 1385/1145/1632 1376/1145/1632 1437/1145/1632
f 1454/1145/1632 1460/1145/1632 1394/1145/1632
f 1262/1145/1632 1196/1145/1632 1181/1145/1632
f 1472/1145/1632 1403/1145/1632 1400/1145/1632
f 1379/1145/1632 1391/1145/1632 1361/1145/1632
f 1289/1145/1632 1284/1145/1632 1148/1145/1632
f 1325/1145/1632 1334/1145/1632 1314/1145/1632
f 1388/1145/1632 1449/1145/1632 1451/1145/1632
f 1574/1145/1632 1616/1145/1632 1620/1145/1632
f 1511/1145/1632 1515/1145/1632 1547/1145/1632
f 1367/1145/1632 1412/1145/1632 1424/1145/1632
f 1478/1145/1632 1415/1145/1632 1403/1145/1632
f 1577/1145/1632 1580/1145/1632 1610/1145/1632
f 1568/1145/1632 1628/1145/1632 1632/1145/1632
f 1391/1145/1632 1397/1145/1632 1355/1145/1632
f 1574/1145/1632 1577/1145/1632 1616/1145/1632
f 1365/1145/1632 1349/1145/1632 1358/1145/1632
f 1361/1145/1632 1365/1145/1632 1379/1145/1632
f 1584/1145/1632 1602/1145/1632 1608/1145/1632
f 1529/1145/1632 1533/1145/1632 1643/1145/1632
f 1352/1145/1632 1349/1145/1632 1365/1145/1632
f 1352/1145/1632 1343/1145/1632 1349/1145/1632
f 1346/1145/1632 1343/1145/1632 1352/1145/1632
f 1346/1145/1632 1340/1145/1632 1343/1145/1632
f 1391/1145/1632 1355/1145/1632 1361/1145/1632
f 1407/1145/1632 1370/1145/1632 1355/1145/1632
f 1338/1145/1632 1346/1145/1632 1328/1145/1632
f 1334/1145/1632 1331/1145/1632 1301/1145/1632
f 1223/1145/1632 1220/1145/1632 1277/1145/1632
f 1262/1145/1632 1191/1145/1632 1196/1145/1632
f 1533/1145/1632 1536/1145/1632 1661/1145/1632
f 1620/1145/1632 1622/1145/1632 1572/1145/1632
f 1314/1145/1632 1334/1145/1632 1311/1145/1632
f 1365/1145/1632 1358/1145/1632 1379/1145/1632
f 1553/1145/1632 1658/1145/1632 1667/1145/1632
f 1322/1145/1632 1316/1145/1632 1214/1145/1632
f 1274/1145/1632 1220/1145/1632 1211/1145/1632
f 1304/1145/1632 1334/1145/1632 1301/1145/1632
f 1292/1145/1632 1286/1145/1632 1163/1145/1632
f 1271/1145/1632 1274/1145/1632 1211/1145/1632
f 1331/1145/1632 1322/1145/1632 1226/1145/1632
f 1199/1145/1632 1191/1145/1632 1265/1145/1632
f 1325/1145/1632 1328/1145/1632 1334/1145/1632
f 1523/1145/1632 1508/1145/1632 1541/1145/1632
f 1338/1145/1632 1340/1145/1632 1346/1145/1632
f 1439/1145/1632 1382/1145/1632 1385/1145/1632
f 1271/1145/1632 1211/1145/1632 1205/1145/1632
f 1265/1145/1632 1268/1145/1632 1205/1145/1632
f 1154/1145/1632 1163/1145/1632 1286/1145/1632
f 1205/1145/1632 1199/1145/1632 1265/1145/1632
f 1256/1145/1632 1181/1145/1632 1166/1145/1632
f 1193/1145/1632 1307/1145/1632 1188/1145/1632
f 1268/1145/1632 1271/1145/1632 1205/1145/1632
f 1229/1145/1632 1134/1145/1632 1130/1145/1632
f 1382/1145/1632 1445/1145/1632 1449/1145/1632
f 1562/1145/1632 1565/1145/1632 1640/1145/1632
f 1253/1145/1632 1256/1145/1632 1166/1145/1632
f 1250/1145/1632 1253/1145/1632 1166/1145/1632
f 1214/1145/1632 1316/1145/1632 1208/1145/1632
f 1166/1145/1632 1169/1145/1632 1250/1145/1632
f 1632/1145/1632 1637/1145/1632 1568/1145/1632
f 1244/1145/1632 1247/1145/1632 1160/1145/1632
f 1223/1145/1632 1220/1145/1632 1218/1145/1632
f 1397/1145/1632 1407/1145/1632 1355/1145/1632
f 1442/1145/1632 1484/1145/1632 1490/1145/1632
f 1256/1145/1632 1259/1145/1632 1181/1145/1632
f 1628/1145/1632 1568/1145/1632 1572/1145/1632
f 1284/1145/1632 1281/1145/1632 1148/1145/1632
f 1241/1145/1632 1244/1145/1632 1160/1145/1632
f 1208/1145/1632 1319/1145/1632 1202/1145/1632
f 1241/1145/1632 1160/1145/1632 1157/1145/1632
f 1346/1145/1632 1334/1145/1632 1328/1145/1632
f 1580/1145/1632 1608/1145/1632 1610/1145/1632
f 1289/1145/1632 1154/1145/1632 1286/1145/1632
f 1238/1145/1632 1241/1145/1632 1157/1145/1632
f 1188/1145/1632 1307/1145/1632 1184/1145/1632
f 1235/1145/1632 1139/1145/1632 1134/1145/1632
f 1191/1145/1632 1262/1145/1632 1265/1145/1632
f 1577/1145/1632 1610/1145/1632 1616/1145/1632
f 1178/1145/1632 1295/1145/1632 1176/1145/1632
f 1176/1145/1632 1295/1145/1632 1172/1145/1632
f 1172/1145/1632 1292/1145/1632 1163/1145/1632
f 1469/1145/1632 1400/1145/1632 1394/1145/1632
f 1235/1145/1632 1145/1145/1632 1139/1145/1632
f 1307/1145/1632 1295/1145/1632 1184/1145/1632
f 1226/1145/1632 1322/1145/1632 1214/1145/1632
f 1154/1145/1632 1289/1145/1632 1152/1145/1632
f 1152/1145/1632 1289/1145/1632 1148/1145/1632
f 1484/1145/1632 1430/1145/1632 1421/1145/1632
f 1148/1145/1632 1281/1145/1632 1142/1145/1632
f 1229/1145/1632 1235/1145/1632 1134/1145/1632
f 1142/1145/1632 1281/1145/1632 1137/1145/1632
f 1298/1145/1632 1331/1145/1632 1226/1145/1632
f 1137/1145/1632 1229/1145/1632 1130/1145/1632
f 1427/1145/1632 1433/1145/1632 1376/1145/1632
l 2192 1129
